bill_id,n_categories
0,9
1,16
2,12
3,10
4,10
5,8
6,11
7,15
8,7
9,10
10,16
11,8
12,6
13,4
14,3
15,10
16,13
17,15
18,12
19,5
20,15
21,10
22,4
23,9
24,7
25,11
26,17
27,9
28,6
29,7
30,14
31,10
32,4
33,7
34,8
35,10
36,17
37,7
38,5
39,5
40,5
41,12
42,9
43,8
44,7
45,8
46,8
47,16
48,4
49,5
50,12
51,9
52,10
53,12
54,8
55,8
56,14
57,7
58,6
59,4
60,4
61,11
62,8
63,10
64,14
65,12
66,13
67,8
68,5
69,9
70,16
71,12
72,12
73,6
74,13
75,10
76,9
77,8
78,14
79,7
80,9
81,10
82,4
83,11
84,6
85,8
86,7
87,14
88,4
89,8
90,12
91,4
92,6
93,5
94,9
95,6
96,9
97,9
98,6
99,5
100,6
101,6
102,10
103,9
104,11
105,5
106,13
107,10
108,5
109,10
110,12
111,7
112,7
113,9
114,15
115,5
116,11
117,6
118,7
119,4
120,7
121,7
122,3
123,12
124,11
125,6
126,12
127,15
128,10
129,7
130,13
131,9
132,5
133,13
134,7
135,12
136,14
137,13
138,10
139,9
140,14
141,5
142,8
143,9
144,11
145,9
146,7
147,5
148,10
149,9
150,13
151,4
152,14
153,12
154,6
155,10
156,4
157,11
158,9
159,8
160,11
161,9
162,9
163,5
164,13
165,5
166,8
167,5
168,9
169,12
170,8
171,13
172,9
173,9
174,6
175,6
176,10
177,4
178,12
179,7
180,4
181,10
182,11
183,8
184,11
185,10
186,6
187,13
188,7
189,5
190,9
191,14
192,16
193,5
194,6
195,5
196,6
197,8
198,16
199,7
200,5
201,9
202,9
203,8
204,10
205,6
206,9
207,10
208,11
209,9
210,11
211,7
212,11
213,4
214,6
215,6
216,11
217,10
218,4
219,11
220,10
221,10
222,9
223,6
224,4
225,10
226,7
227,9
228,9
229,5
230,5
231,7
232,10
233,6
234,11
235,10
236,6
237,5
238,6
239,8
240,10
241,12
242,5
243,9
244,7
245,6
246,7
247,5
248,10
249,6
250,6
251,6
252,13
253,11
254,4
255,10
256,7
257,11
258,9
259,10
260,11
261,15
262,5
263,14
264,8
265,5
266,11
267,5
268,3
269,7
270,5
271,6
272,7
273,4
274,11
275,4
276,6
277,10
278,7
279,8
280,14
281,9
282,4
283,6
284,8
285,12
286,4
287,12
288,9
289,8
290,6
291,12
292,12
293,13
294,5
295,11
296,9
297,11
298,10
299,11
300,7
301,9
302,4
303,4
304,10
305,2
306,6
307,5
308,6
309,6
310,5
311,8
312,10
313,9
314,11
315,6
316,8
317,7
318,8
319,13
320,12
321,6
322,7
323,6
324,10
325,7
326,9
327,11
328,14
329,5
330,7
331,9
332,13
333,6
334,5
335,6
336,8
337,8
338,5
339,8
340,12
341,6
342,9
343,12
344,11
345,6
346,10
347,7
348,9
349,12
350,6
351,6
352,8
353,12
354,13
355,11
356,11
357,6
358,6
359,11
360,8
361,10
362,8
363,11
364,10
365,11
366,10
367,9
368,9
369,7
370,9
371,9
372,4
373,10
374,11
375,12
376,12
377,6
378,12
379,10
380,8
381,11
382,4
383,12
384,5
385,6
386,6
387,15
388,8
389,5
390,7
391,6
392,7
393,14
394,12
395,12
396,13
397,5
398,9
399,8
400,4
401,12
402,12
403,12
404,12
405,7
406,12
407,5
408,8
409,7
410,9
411,8
412,5
413,11
414,7
415,10
416,11
417,10
418,12
419,7
420,13
421,9
422,16
423,9
424,12
425,7
426,7
427,12
428,7
429,6
430,7
431,7
432,4
433,15
434,12
435,11
436,5
437,8
438,11
439,5
440,4
441,9
442,7
443,8
444,9
445,5
446,9
447,8
448,9
449,9
450,6
451,8
452,10
453,7
454,6
455,11
456,4
457,10
458,12
459,8
460,5
461,6
462,13
463,5
464,11
465,6
466,13
467,5
468,8
469,7
470,7
471,9
472,5
473,12
474,4
475,12
476,10
477,8
478,9
479,5
480,11
481,5
482,8
483,9
484,7
485,12
486,8
487,10
488,9
489,4
490,11
491,8
492,12
493,7
494,13
495,13
496,6
497,9
498,7
499,11
500,10
501,10
502,8
503,9
504,16
505,9
506,12
507,4
508,4
509,10
510,8
511,14
512,4
513,3
514,9
515,12
516,5
517,8
518,11
519,6
520,7
521,11
522,8
523,7
524,6
525,6
526,7
527,4
528,8
529,8
530,9
531,7
532,10
533,17
534,7
535,10
536,7
537,7
538,4
539,11
540,11
541,6
542,5
543,9
544,6
545,11
546,7
547,8
548,11
549,6
550,5
551,9
552,8
553,12
554,6
555,10
556,12
557,5
558,8
559,10
560,7
561,12
562,6
563,5
564,7
565,6
566,4
567,14
568,4
569,8
570,6
571,5
572,10
573,9
574,11
575,4
576,6
577,4
578,9
579,14
580,11
581,10
582,5
583,4
584,10
585,8
586,8
587,10
588,9
589,7
590,10
591,7
592,12
593,5
594,11
595,7
596,11
597,7
598,6
599,4
600,4
601,10
602,9
603,10
604,5
605,6
606,5
607,5
608,5
609,10
610,10
611,10
612,7
613,6
614,12
615,12
616,9
617,6
618,12
619,7
620,12
621,9
622,13
623,13
624,4
625,10
626,10
627,8
628,10
629,11
630,9
631,11
632,5
633,4
634,7
635,10
636,6
637,10
638,10
639,6
640,11
641,12
642,4
643,7
644,13
645,8
646,6
647,9
648,9
649,10
650,7
651,11
652,5
653,11
654,6
655,11
656,11
657,7
658,9
659,13
660,6
661,11
662,8
663,6
664,10
665,7
666,7
667,8
668,9
669,4
670,9
671,8
672,11
673,5
674,10
675,12
676,8
677,9
678,8
679,11
680,6
681,7
682,9
683,12
684,9
685,6
686,12
687,7
688,4
689,6
690,6
691,9
692,8
693,10
694,13
695,10
696,11
697,4
698,6
699,8
700,7
701,6
702,10
703,8
704,10
705,12
706,7
707,11
708,10
709,7
710,7
711,8
712,5
713,7
714,11
715,4
716,5
717,8
718,13
719,9
720,11
721,6
722,11
723,6
724,6
725,7
726,9
727,12
728,7
729,12
730,14
731,7
732,4
733,9
734,9
735,11
736,8
737,8
738,4
739,7
740,9
741,13
742,7
743,8
744,11
745,10
746,7
747,11
748,5
749,7
750,9
751,8
752,11
753,10
754,10
755,5
756,11
757,4
758,10
759,7
760,6
761,7
762,12
763,8
764,5
765,12
766,16
767,7
768,6
769,13
770,9
771,5
772,11
773,6
774,4
775,11
776,5
777,12
778,13
779,12
780,10
781,12
782,9
783,6
784,5
785,12
786,12
787,8
788,7
789,10
790,12
791,15
792,11
793,4
794,7
795,11
796,5
797,7
798,8
799,9
800,11
801,9
802,11
803,8
804,10
805,8
806,6
807,6
808,12
809,4
810,7
811,11
812,10
813,7
814,5
815,4
816,7
817,6
818,8
819,13
820,10
821,8
822,7
823,8
824,10
825,8
826,12
827,6
828,8
829,9
830,9
831,9
832,10
833,7
834,8
835,5
836,11
837,9
838,6
839,10
840,12
841,10
842,10
843,8
844,9
845,13
846,12
847,9
848,10
849,6
850,5
851,6
852,9
853,6
854,13
855,4
856,11
857,4
858,6
859,7
860,5
861,7
862,14
863,6
864,5
865,12
866,5
867,8
868,8
869,7
870,11
871,4
872,12
873,8
874,12
875,4
876,5
877,5
878,7
879,5
880,8
881,8
882,7
883,16
884,6
885,10
886,10
887,3
888,6
889,9
890,7
891,15
892,5
893,5
894,3
895,8
896,9
897,11
898,8
899,9
900,5
901,5
902,10
903,8
904,8
905,9
906,5
907,6
908,12
909,8
910,10
911,9
912,7
913,7
914,12
915,4
916,10
917,6
918,12
919,7
920,9
921,9
922,4
923,8
924,8
925,12
926,10
927,6
928,14
929,5
930,7
931,6
932,13
933,9
934,5
935,11
936,10
937,12
938,5
939,5
940,8
941,11
942,8
943,7
944,8
945,7
946,7
947,10
948,6
949,9
950,11
951,11
952,8
953,9
954,13
955,5
956,6
957,8
958,6
959,9
960,10
961,5
962,6
963,8
964,7
965,5
966,5
967,13
968,15
969,8
970,6
971,11
972,11
973,13
974,4
975,4
976,13
977,7
978,12
979,3
980,13
981,11
982,4
983,7
984,5
985,10
986,8
987,7
988,8
989,12
990,10
991,8
992,11
993,10
994,6
995,6
996,5
997,7
998,5
999,4
1000,6
1001,8
1002,8
1003,5
1004,6
1005,4
1006,4
1007,8
1008,9
1009,13
1010,6
1011,8
1012,10
1013,5
1014,7
1015,6
1016,10
1017,5
1018,11
1019,8
1020,5
1021,7
1022,7
1023,13
1024,7
1025,4
1026,5
1027,10
1028,10
1029,5
1030,9
1031,5
1032,7
1033,9
1034,10
1035,8
1036,7
1037,18
1038,6
1039,8
1040,8
1041,11
1042,4
1043,10
1044,8
1045,5
1046,14
1047,10
1048,13
1049,10
1050,4
1051,6
1052,7
1053,8
1054,5
1055,9
1056,10
1057,7
1058,10
1059,10
1060,16
1061,7
1062,6
1063,7
1064,10
1065,12
1066,9
1067,5
1068,13
1069,10
1070,10
1071,10
1072,9
1073,10
1074,8
1075,9
1076,7
1077,6
1078,8
1079,8
1080,11
1081,12
1082,10
1083,4
1084,6
1085,7
1086,4
1087,9
1088,5
1089,6
1090,17
1091,5
1092,11
1093,5
1094,10
1095,4
1096,10
1097,10
1098,6
1099,3
1100,8
1101,5
1102,7
1103,6
1104,10
1105,8
1106,6
1107,18
1108,11
1109,8
1110,11
1111,7
1112,6
1113,9
1114,4
1115,5
1116,6
1117,12
1118,7
1119,10
1120,7
1121,6
1122,5
1123,13
1124,6
1125,7
1126,4
1127,7
1128,13
1129,9
1130,14
1131,11
1132,8
1133,8
1134,7
1135,10
1136,9
1137,7
1138,8
1139,9
1140,5
1141,11
1142,11
1143,6
1144,7
1145,10
1146,9
1147,11
1148,8
1149,11
1150,4
1151,16
1152,6
1153,11
1154,10
1155,10
1156,11
1157,4
1158,5
1159,6
1160,9
1161,6
1162,12
1163,16
1164,8
1165,4
1166,11
1167,11
1168,7
1169,9
1170,6
1171,9
1172,7
1173,8
1174,13
1175,6
1176,4
1177,7
1178,4
1179,8
1180,13
1181,10
1182,9
1183,5
1184,13
1185,9
1186,7
1187,6
1188,5
1189,10
1190,10
1191,6
1192,7
1193,5
1194,7
1195,6
1196,11
1197,9
1198,11
1199,7
1200,8
1201,7
1202,5
1203,7
1204,6
1205,12
1206,9
1207,10
1208,10
1209,4
1210,9
1211,7
1212,4
1213,15
1214,7
1215,5
1216,8
1217,11
1218,5
1219,8
1220,6
1221,11
1222,6
1223,6
1224,7
1225,5
1226,7
1227,5
1228,11
1229,6
1230,6
1231,8
1232,7
1233,10
1234,5
1235,5
1236,6
1237,7
1238,11
1239,5
1240,11
1241,13
1242,12
1243,7
1244,5
1245,7
1246,10
1247,7
1248,4
1249,4
1250,11
1251,8
1252,10
1253,9
1254,8
1255,6
1256,8
1257,7
1258,5
1259,6
1260,4
1261,4
1262,8
1263,9
1264,8
1265,8
1266,14
1267,4
1268,11
1269,8
1270,7
1271,10
1272,8
1273,4
1274,6
1275,15
1276,10
1277,8
1278,5
1279,7
1280,7
1281,6
1282,7
1283,11
1284,4
1285,9
1286,4
1287,5
1288,10
1289,9
1290,4
1291,9
1292,7
1293,16
1294,6
1295,9
1296,6
1297,5
1298,6
1299,5
1300,10
1301,5
1302,5
1303,9
1304,5
1305,7
1306,13
1307,9
1308,12
1309,4
1310,6
1311,13
1312,10
1313,5
1314,9
1315,8
1316,6
1317,17
1318,7
1319,11
1320,8
1321,7
1322,4
1323,10
1324,5
1325,8
1326,11
1327,8
1328,7
1329,10
1330,11
1331,7
1332,9
1333,10
1334,6
1335,7
1336,6
1337,12
1338,6
1339,9
1340,9
1341,10
1342,4
1343,6
1344,6
1345,9
1346,9
1347,7
1348,3
1349,7
1350,9
1351,13
1352,8
1353,11
1354,7
1355,9
1356,4
1357,9
1358,6
1359,14
1360,6
1361,10
1362,7
1363,10
1364,14
1365,6
1366,7
1367,8
1368,9
1369,4
1370,8
1371,10
1372,9
1373,11
1374,11
1375,10
1376,10
1377,12
1378,9
1379,4
1380,12
1381,10
1382,14
1383,8
1384,14
1385,12
1386,10
1387,7
1388,10
1389,8
1390,11
1391,15
1392,8
1393,6
1394,6
1395,3
1396,9
1397,10
1398,12
1399,9
1400,8
1401,6
1402,5
1403,12
1404,10
1405,5
1406,16
1407,10
1408,5
1409,7
1410,4
1411,7
1412,8
1413,12
1414,6
1415,7
1416,5
1417,8
1418,5
1419,9
1420,9
1421,8
1422,5
1423,4
1424,6
1425,7
1426,8
1427,10
1428,8
1429,4
1430,9
1431,7
1432,10
1433,11
1434,6
1435,8
1436,10
1437,11
1438,10
1439,8
1440,10
1441,13
1442,6
1443,7
1444,6
1445,7
1446,8
1447,12
1448,9
1449,8
1450,9
1451,8
1452,8
1453,9
1454,4
1455,13
1456,9
1457,8
1458,4
1459,6
1460,6
1461,9
1462,7
1463,9
1464,6
1465,8
1466,8
1467,10
1468,9
1469,7
1470,5
1471,4
1472,8
1473,12
1474,6
1475,8
1476,8
1477,7
1478,11
1479,4
1480,8
1481,9
1482,9
1483,8
1484,5
1485,13
1486,8
1487,8
1488,7
1489,3
1490,10
1491,4
1492,4
1493,6
1494,10
1495,6
1496,9
1497,4
1498,9
1499,9
1500,5
1501,6
1502,14
1503,6
1504,10
1505,8
1506,11
1507,11
1508,11
1509,8
1510,5
1511,14
1512,5
1513,10
1514,10
1515,7
1516,13
1517,8
1518,5
1519,7
1520,4
1521,6
1522,7
1523,8
1524,6
1525,7
1526,11
1527,7
1528,8
1529,6
1530,14
1531,9
1532,9
1533,7
1534,8
1535,12
1536,10
1537,11
1538,9
1539,7
1540,11
1541,6
1542,8
1543,5
1544,8
1545,12
1546,5
1547,11
1548,9
1549,7
1550,6
1551,4
1552,8
1553,5
1554,8
1555,6
1556,11
1557,7
1558,4
1559,15
1560,5
1561,4
1562,7
1563,11
1564,7
1565,11
1566,7
1567,12
1568,6
1569,8
1570,7
1571,9
1572,9
1573,4
1574,4
1575,5
1576,10
1577,4
1578,7
1579,14
1580,10
1581,13
1582,10
1583,8
1584,9
1585,10
1586,10
1587,11
1588,8
1589,8
1590,8
1591,12
1592,12
1593,8
1594,9
1595,4
1596,11
1597,7
1598,5
1599,15
1600,7
1601,12
1602,11
1603,17
1604,8
1605,6
1606,8
1607,9
1608,14
1609,6
1610,6
1611,8
1612,14
1613,5
1614,10
1615,12
1616,4
1617,10
1618,11
1619,17
1620,5
1621,10
1622,9
1623,6
1624,11
1625,6
1626,5
1627,7
1628,5
1629,9
1630,11
1631,9
1632,5
1633,9
1634,14
1635,10
1636,7
1637,7
1638,12
1639,5
1640,11
1641,7
1642,14
1643,11
1644,7
1645,10
1646,6
1647,5
1648,10
1649,8
1650,7
1651,8
1652,7
1653,8
1654,7
1655,10
1656,11
1657,7
1658,11
1659,9
1660,8
1661,10
1662,11
1663,15
1664,9
1665,8
1666,9
1667,9
1668,9
1669,9
1670,12
1671,6
1672,14
1673,9
1674,5
1675,11
1676,11
1677,6
1678,9
1679,11
1680,7
1681,8
1682,9
1683,10
1684,4
1685,6
1686,9
1687,5
1688,11
1689,6
1690,10
1691,5
1692,6
1693,6
1694,15
1695,6
1696,10
1697,8
1698,5
1699,7
1700,7
1701,4
1702,9
1703,6
1704,9
1705,7
1706,6
1707,6
1708,12
1709,9
1710,3
1711,6
1712,13
1713,10
1714,11
1715,7
1716,10
1717,13
1718,6
1719,6
1720,4
1721,6
1722,9
1723,5
1724,6
1725,10
1726,10
1727,8
1728,3
1729,9
1730,7
1731,10
1732,7
1733,5
1734,4
1735,9
1736,6
1737,6
1738,8
1739,6
1740,10
1741,11
1742,11
1743,4
1744,4
1745,8
1746,6
1747,6
1748,15
1749,9
1750,8
1751,8
1752,5
1753,5
1754,4
1755,5
1756,9
1757,9
1758,6
1759,7
1760,7
1761,8
1762,8
1763,11
1764,5
1765,7
1766,6
1767,13
1768,6
1769,9
1770,7
1771,4
1772,10
1773,4
1774,5
1775,14
1776,13
1777,11
1778,5
1779,7
1780,6
1781,12
1782,8
1783,11
1784,5
1785,5
1786,6
1787,7
1788,8
1789,15
1790,9
1791,9
1792,8
1793,7
1794,5
1795,5
1796,5
1797,7
1798,5
1799,15
1800,10
1801,6
1802,9
1803,7
1804,9
1805,7
1806,9
1807,9
1808,9
1809,17
1810,6
1811,9
1812,14
1813,5
1814,10
1815,6
1816,12
1817,8
1818,7
1819,7
1820,5
1821,10
1822,5
1823,8
1824,6
1825,10
1826,15
1827,7
1828,4
1829,12
1830,8
1831,6
1832,14
1833,12
1834,9
1835,6
1836,4
1837,5
1838,9
1839,9
1840,10
1841,8
1842,8
1843,6
1844,6
1845,6
1846,13
1847,8
1848,11
1849,8
1850,9
1851,8
1852,12
1853,7
1854,8
1855,5
1856,12
1857,7
1858,11
1859,7
1860,7
1861,5
1862,5
1863,8
1864,5
1865,5
1866,7
1867,5
1868,15
1869,12
1870,9
1871,7
1872,10
1873,6
1874,6
1875,10
1876,8
1877,10
1878,12
1879,11
1880,12
1881,4
1882,10
1883,8
1884,11
1885,5
1886,11
1887,7
1888,6
1889,8
1890,4
1891,9
1892,17
1893,12
1894,9
1895,9
1896,5
1897,9
1898,7
1899,4
1900,11
1901,7
1902,8
1903,9
1904,11
1905,7
1906,12
1907,7
1908,7
1909,9
1910,12
1911,7
1912,12
1913,11
1914,8
1915,4
1916,10
1917,11
1918,10
1919,9
1920,8
1921,8
1922,6
1923,11
1924,10
1925,7
1926,14
1927,5
1928,7
1929,9
1930,7
1931,5
1932,7
1933,10
1934,10
1935,13
1936,7
1937,8
1938,7
1939,10
1940,12
1941,12
1942,10
1943,16
1944,6
1945,9
1946,11
1947,9
1948,8
1949,8
1950,12
1951,14
1952,8
1953,10
1954,10
1955,5
1956,8
1957,6
1958,6
1959,10
1960,9
1961,7
1962,6
1963,9
1964,7
1965,10
1966,10
1967,6
1968,12
1969,6
1970,8
1971,5
1972,4
1973,8
1974,10
1975,13
1976,4
1977,6
1978,12
1979,10
1980,8
1981,11
1982,10
1983,7
1984,10
1985,4
1986,12
1987,7
1988,5
1989,7
1990,7
1991,5
1992,5
1993,5
1994,6
1995,5
1996,3
1997,8
1998,9
1999,8
2000,12
2001,10
2002,5
2003,6
2004,5
2005,9
2006,12
2007,5
2008,11
2009,11
2010,10
2011,11
2012,13
2013,12
2014,6
2015,12
2016,6
2017,10
2018,6
2019,12
2020,9
2021,3
2022,4
2023,17
2024,10
2025,5
2026,10
2027,8
2028,10
2029,6
2030,11
2031,4
2032,7
2033,4
2034,20
2035,12
2036,8
2037,10
2038,5
2039,9
2040,3
2041,9
2042,7
2043,4
2044,9
2045,9
2046,5
2047,10
2048,5
2049,6
2050,9
2051,11
2052,8
2053,4
2054,12
2055,7
2056,6
2057,5
2058,6
2059,4
2060,10
2061,4
2062,13
2063,11
2064,10
2065,6
2066,12
2067,12
2068,9
2069,9
2070,5
2071,4
2072,12
2073,12
2074,8
2075,5
2076,6
2077,10
2078,6
2079,8
2080,9
2081,7
2082,7
2083,9
2084,17
2085,17
2086,8
2087,11
2088,9
2089,10
2090,10
2091,7
2092,8
2093,7
2094,13
2095,7
2096,9
2097,4
2098,8
2099,10
2100,6
2101,9
2102,8
2103,6
2104,14
2105,13
2106,9
2107,7
2108,2
2109,13
2110,10
2111,7
2112,9
2113,5
2114,7
2115,9
2116,5
2117,4
2118,7
2119,10
2120,10
2121,11
2122,10
2123,7
2124,11
2125,11
2126,8
2127,8
2128,7
2129,9
2130,11
2131,8
2132,11
2133,8
2134,8
2135,6
2136,9
2137,8
2138,7
2139,5
2140,9
2141,8
2142,4
2143,10
2144,4
2145,6
2146,9
2147,8
2148,11
2149,10
2150,4
2151,6
2152,9
2153,7
2154,7
2155,9
2156,16
2157,12
2158,5
2159,7
2160,12
2161,5
2162,6
2163,8
2164,10
2165,9
2166,4
2167,6
2168,8
2169,8
2170,5
2171,12
2172,5
2173,9
2174,6
2175,8
2176,7
2177,6
2178,4
2179,11
2180,15
2181,4
2182,6
2183,10
2184,8
2185,8
2186,8
2187,5
2188,11
2189,9
2190,6
2191,9
2192,9
2193,10
2194,4
2195,10
2196,11
2197,9
2198,5
2199,3
2200,4
2201,14
2202,12
2203,6
2204,15
2205,9
2206,11
2207,6
2208,4
2209,13
2210,5
2211,10
2212,5
2213,10
2214,12
2215,9
2216,5
2217,7
2218,7
2219,8
2220,8
2221,10
2222,8
2223,8
2224,8
2225,12
2226,7
2227,9
2228,8
2229,8
2230,10
2231,10
2232,10
2233,9
2234,12
2235,13
2236,10
2237,5
2238,5
2239,5
2240,6
2241,7
2242,15
2243,8
2244,5
2245,5
2246,10
2247,10
2248,12
2249,4
2250,10
2251,4
2252,15
2253,11
2254,5
2255,9
2256,7
2257,6
2258,10
2259,9
2260,5
2261,7
2262,6
2263,5
2264,7
2265,5
2266,10
2267,10
2268,12
2269,7
2270,9
2271,9
2272,12
2273,12
2274,5
2275,11
2276,13
2277,11
2278,8
2279,10
2280,9
2281,9
2282,6
2283,4
2284,11
2285,8
2286,6
2287,10
2288,10
2289,4
2290,9
2291,8
2292,5
2293,7
2294,10
2295,10
2296,5
2297,11
2298,7
2299,10
2300,9
2301,10
2302,10
2303,6
2304,8
2305,10
2306,5
2307,4
2308,6
2309,12
2310,8
2311,13
2312,4
2313,8
2314,7
2315,5
2316,3
2317,5
2318,6
2319,7
2320,10
2321,10
2322,9
2323,5
2324,7
2325,8
2326,10
2327,10
2328,5
2329,11
2330,6
2331,11
2332,9
2333,11
2334,5
2335,5
2336,6
2337,10
2338,12
2339,12
2340,5
2341,10
2342,7
2343,4
2344,11
2345,5
2346,7
2347,14
2348,4
2349,5
2350,15
2351,9
2352,7
2353,8
2354,10
2355,10
2356,7
2357,8
2358,8
2359,7
2360,7
2361,8
2362,9
2363,7
2364,8
2365,5
2366,12
2367,5
2368,7
2369,14
2370,10
2371,9
2372,10
2373,8
2374,9
2375,9
2376,7
2377,6
2378,15
2379,5
2380,5
2381,7
2382,8
2383,7
2384,7
2385,6
2386,12
2387,5
2388,6
2389,10
2390,9
2391,15
2392,13
2393,7
2394,6
2395,17
2396,15
2397,5
2398,7
2399,7
2400,10
2401,4
2402,10
2403,9
2404,7
2405,11
2406,13
2407,5
2408,4
2409,5
2410,6
2411,6
2412,7
2413,10
2414,9
2415,6
2416,12
2417,10
2418,12
2419,9
2420,9
2421,6
2422,8
2423,4
2424,7
2425,9
2426,6
2427,6
2428,6
2429,8
2430,4
2431,8
2432,10
2433,8
2434,8
2435,10
2436,6
2437,5
2438,8
2439,7
2440,9
2441,8
2442,8
2443,9
2444,8
2445,7
2446,9
2447,4
2448,6
2449,5
2450,8
2451,10
2452,12
2453,5
2454,5
2455,12
2456,7
2457,9
2458,5
2459,7
2460,10
2461,6
2462,9
2463,11
2464,5
2465,5
2466,8
2467,5
2468,9
2469,7
2470,10
2471,7
2472,6
2473,8
2474,4
2475,10
2476,7
2477,13
2478,9
2479,5
2480,10
2481,10
2482,12
2483,6
2484,9
2485,9
2486,9
2487,12
2488,9
2489,9
2490,8
2491,10
2492,12
2493,4
2494,8
2495,7
2496,14
2497,5
2498,4
2499,13
2500,8
2501,10
2502,5
2503,9
2504,17
2505,16
2506,7
2507,9
2508,6
2509,5
2510,8
2511,7
2512,3
2513,8
2514,5
2515,5
2516,6
2517,9
2518,14
2519,6
2520,5
2521,7
2522,8
2523,9
2524,8
2525,8
2526,9
2527,10
2528,15
2529,12
2530,11
2531,8
2532,5
2533,4
2534,11
2535,8
2536,6
2537,8
2538,7
2539,10
2540,6
2541,9
2542,7
2543,6
2544,9
2545,7
2546,10
2547,4
2548,6
2549,10
2550,10
2551,12
2552,6
2553,12
2554,7
2555,4
2556,7
2557,4
2558,7
2559,10
2560,10
2561,10
2562,11
2563,6
2564,5
2565,7
2566,9
2567,7
2568,4
2569,11
2570,9
2571,9
2572,10
2573,7
2574,10
2575,6
2576,7
2577,10
2578,10
2579,8
2580,6
2581,6
2582,9
2583,12
2584,5
2585,10
2586,8
2587,11
2588,7
2589,7
2590,5
2591,7
2592,13
2593,8
2594,11
2595,5
2596,9
2597,8
2598,7
2599,13
2600,8
2601,9
2602,5
2603,10
2604,10
2605,9
2606,7
2607,5
2608,6
2609,10
2610,11
2611,4
2612,11
2613,10
2614,8
2615,10
2616,3
2617,5
2618,8
2619,8
2620,8
2621,9
2622,4
2623,10
2624,4
2625,6
2626,3
2627,11
2628,8
2629,10
2630,5
2631,10
2632,5
2633,10
2634,8
2635,7
2636,6
2637,4
2638,7
2639,7
2640,6
2641,8
2642,5
2643,5
2644,6
2645,7
2646,7
2647,11
2648,8
2649,8
2650,6
2651,7
2652,9
2653,11
2654,9
2655,15
2656,6
2657,9
2658,13
2659,9
2660,8
2661,5
2662,9
2663,6
2664,11
2665,9
2666,6
2667,10
2668,7
2669,4
2670,15
2671,9
2672,6
2673,5
2674,6
2675,10
2676,9
2677,8
2678,11
2679,8
2680,11
2681,12
2682,8
2683,10
2684,7
2685,4
2686,6
2687,10
2688,9
2689,9
2690,4
2691,9
2692,6
2693,11
2694,10
2695,6
2696,9
2697,10
2698,9
2699,7
2700,10
2701,10
2702,5
2703,6
2704,6
2705,11
2706,5
2707,9
2708,11
2709,10
2710,12
2711,5
2712,5
2713,6
2714,7
2715,7
2716,7
2717,5
2718,6
2719,13
2720,4
2721,5
2722,11
2723,9
2724,7
2725,6
2726,6
2727,8
2728,12
2729,11
2730,6
2731,6
2732,10
2733,5
2734,9
2735,4
2736,12
2737,5
2738,5
2739,6
2740,13
2741,8
2742,7
2743,4
2744,12
2745,8
2746,6
2747,16
2748,9
2749,3
2750,10
2751,7
2752,5
2753,7
2754,8
2755,10
2756,11
2757,4
2758,8
2759,8
2760,7
2761,5
2762,6
2763,4
2764,8
2765,5
2766,7
2767,9
2768,6
2769,10
2770,7
2771,10
2772,8
2773,9
2774,13
2775,8
2776,13
2777,11
2778,4
2779,8
2780,13
2781,8
2782,7
2783,12
2784,9
2785,3
2786,4
2787,9
2788,7
2789,7
2790,9
2791,6
2792,7
2793,6
2794,5
2795,11
2796,11
2797,5
2798,4
2799,4
2800,7
2801,7
2802,8
2803,13
2804,7
2805,9
2806,9
2807,6
2808,11
2809,8
2810,6
2811,10
2812,8
2813,8
2814,4
2815,9
2816,8
2817,12
2818,9
2819,13
2820,9
2821,3
2822,6
2823,12
2824,7
2825,6
2826,5
2827,11
2828,8
2829,9
2830,5
2831,6
2832,11
2833,9
2834,9
2835,7
2836,9
2837,5
2838,6
2839,8
2840,9
2841,5
2842,6
2843,5
2844,12
2845,14
2846,7
2847,7
2848,7
2849,9
2850,8
2851,4
2852,4
2853,10
2854,5
2855,4
2856,7
2857,10
2858,8
2859,6
2860,6
2861,10
2862,7
2863,11
2864,8
2865,8
2866,5
2867,7
2868,17
2869,9
2870,10
2871,7
2872,12
2873,10
2874,10
2875,8
2876,7
2877,6
2878,6
2879,7
2880,7
2881,13
2882,9
2883,10
2884,8
2885,7
2886,13
2887,9
2888,4
2889,12
2890,13
2891,6
2892,13
2893,12
2894,5
2895,7
2896,6
2897,5
2898,6
2899,6
2900,6
2901,11
2902,8
2903,8
2904,8
2905,11
2906,10
2907,4
2908,11
2909,8
2910,6
2911,10
2912,6
2913,9
2914,18
2915,11
2916,10
2917,13
2918,5
2919,4
2920,5
2921,12
2922,13
2923,7
2924,9
2925,10
2926,9
2927,8
2928,9
2929,6
2930,11
2931,7
2932,13
2933,11
2934,8
2935,10
2936,3
2937,11
2938,5
2939,6
2940,11
2941,9
2942,7
2943,7
2944,6
2945,12
2946,14
2947,8
2948,5
2949,9
2950,12
2951,5
2952,7
2953,9
2954,11
2955,4
2956,9
2957,8
2958,5
2959,8
2960,12
2961,6
2962,14
2963,9
2964,5
2965,8
2966,9
2967,6
2968,14
2969,12
2970,7
2971,3
2972,9
2973,8
2974,9
2975,8
2976,8
2977,7
2978,7
2979,5
2980,7
2981,12
2982,9
2983,4
2984,6
2985,8
2986,7
2987,9
2988,9
2989,5
2990,2
2991,6
2992,6
2993,5
2994,12
2995,10
2996,6
2997,7
2998,14
2999,10
3000,8
3001,8
3002,5
3003,9
3004,6
3005,12
3006,8
3007,11
3008,8
3009,11
3010,8
3011,11
3012,7
3013,11
3014,8
3015,9
3016,6
3017,7
3018,6
3019,12
3020,6
3021,9
3022,5
3023,7
3024,5
3025,7
3026,8
3027,8
3028,7
3029,5
3030,12
3031,4
3032,11
3033,5
3034,12
3035,5
3036,9
3037,12
3038,4
3039,13
3040,7
3041,3
3042,10
3043,8
3044,14
3045,5
3046,8
3047,9
3048,7
3049,4
3050,9
3051,5
3052,13
3053,9
3054,8
3055,10
3056,6
3057,10
3058,4
3059,9
3060,7
3061,4
3062,8
3063,5
3064,8
3065,8
3066,10
3067,8
3068,6
3069,11
3070,7
3071,8
3072,10
3073,7
3074,7
3075,7
3076,9
3077,15
3078,14
3079,10
3080,17
3081,8
3082,7
3083,10
3084,11
3085,10
3086,6
3087,4
3088,8
3089,9
3090,7
3091,8
3092,8
3093,8
3094,4
3095,11
3096,8
3097,11
3098,6
3099,10
3100,9
3101,12
3102,6
3103,9
3104,7
3105,12
3106,14
3107,10
3108,9
3109,5
3110,7
3111,6
3112,11
3113,10
3114,8
3115,10
3116,5
3117,8
3118,10
3119,7
3120,6
3121,6
3122,9
3123,13
3124,7
3125,6
3126,10
3127,10
3128,4
3129,8
3130,9
3131,7
3132,4
3133,7
3134,11
3135,9
3136,11
3137,6
3138,4
3139,6
3140,11
3141,10
3142,4
3143,6
3144,9
3145,6
3146,11
3147,5
3148,15
3149,5
3150,6
3151,8
3152,9
3153,16
3154,13
3155,5
3156,5
3157,9
3158,7
3159,11
3160,9
3161,11
3162,5
3163,6
3164,6
3165,10
3166,12
3167,5
3168,9
3169,5
3170,9
3171,10
3172,5
3173,12
3174,7
3175,13
3176,5
3177,8
3178,6
3179,9
3180,7
3181,6
3182,8
3183,6
3184,7
3185,4
3186,5
3187,8
3188,9
3189,7
3190,12
3191,6
3192,6
3193,6
3194,6
3195,8
3196,9
3197,10
3198,7
3199,4
3200,10
3201,12
3202,13
3203,9
3204,8
3205,14
3206,9
3207,6
3208,7
3209,6
3210,9
3211,7
3212,4
3213,8
3214,11
3215,7
3216,12
3217,13
3218,11
3219,10
3220,9
3221,9
3222,9
3223,8
3224,5
3225,8
3226,8
3227,10
3228,4
3229,10
3230,9
3231,9
3232,11
3233,6
3234,6
3235,11
3236,16
3237,12
3238,6
3239,4
3240,9
3241,6
3242,8
3243,12
3244,12
3245,8
3246,11
3247,10
3248,4
3249,7
3250,10
3251,11
3252,10
3253,7
3254,10
3255,10
3256,5
3257,9
3258,8
3259,5
3260,9
3261,8
3262,8
3263,4
3264,7
3265,10
3266,10
3267,11
3268,11
3269,6
3270,11
3271,8
3272,6
3273,12
3274,10
3275,9
3276,6
3277,6
3278,6
3279,5
3280,6
3281,6
3282,6
3283,7
3284,8
3285,7
3286,13
3287,6
3288,8
3289,4
3290,7
3291,12
3292,18
3293,12
3294,8
3295,8
3296,11
3297,10
3298,8
3299,13
3300,11
3301,7
3302,9
3303,11
3304,12
3305,6
3306,12
3307,7
3308,9
3309,7
3310,15
3311,5
3312,5
3313,7
3314,11
3315,6
3316,9
3317,10
3318,9
3319,8
3320,8
3321,10
3322,7
3323,11
3324,8
3325,17
3326,5
3327,9
3328,8
3329,12
3330,9
3331,6
3332,13
3333,11
3334,4
3335,7
3336,7
3337,9
3338,7
3339,9
3340,8
3341,6
3342,7
3343,9
3344,7
3345,7
3346,12
3347,9
3348,8
3349,11
3350,4
3351,10
3352,8
3353,8
3354,10
3355,7
3356,5
3357,7
3358,6
3359,10
3360,11
3361,11
3362,6
3363,7
3364,6
3365,5
3366,5
3367,7
3368,4
3369,9
3370,8
3371,7
3372,7
3373,7
3374,8
3375,8
3376,14
3377,9
3378,8
3379,15
3380,11
3381,12
3382,7
3383,11
3384,12
3385,7
3386,6
3387,7
3388,6
3389,7
3390,6
3391,8
3392,8
3393,13
3394,5
3395,7
3396,6
3397,4
3398,10
3399,4
3400,9
3401,5
3402,7
3403,13
3404,9
3405,10
3406,6
3407,7
3408,9
3409,11
3410,14
3411,7
3412,8
3413,9
3414,6
3415,13
3416,10
3417,10
3418,6
3419,9
3420,5
3421,10
3422,8
3423,12
3424,9
3425,8
3426,7
3427,8
3428,8
3429,6
3430,12
3431,9
3432,9
3433,5
3434,4
3435,9
3436,11
3437,5
3438,6
3439,9
3440,14
3441,10
3442,6
3443,14
3444,5
3445,10
3446,7
3447,11
3448,6
3449,10
3450,7
3451,12
3452,13
3453,5
3454,7
3455,5
3456,10
3457,4
3458,4
3459,5
3460,5
3461,10
3462,7
3463,12
3464,8
3465,7
3466,6
3467,9
3468,12
3469,6
3470,5
3471,10
3472,4
3473,8
3474,7
3475,9
3476,8
3477,8
3478,13
3479,11
3480,4
3481,13
3482,6
3483,4
3484,7
3485,4
3486,5
3487,14
3488,13
3489,12
3490,6
3491,6
3492,13
3493,9
3494,7
3495,6
3496,6
3497,9
3498,6
3499,9
3500,11
3501,4
3502,12
3503,7
3504,7
3505,9
3506,5
3507,10
3508,7
3509,7
3510,12
3511,8
3512,7
3513,11
3514,8
3515,8
3516,9
3517,5
3518,5
3519,5
3520,5
3521,5
3522,7
3523,5
3524,4
3525,8
3526,6
3527,6
3528,8
3529,7
3530,8
3531,6
3532,8
3533,4
3534,4
3535,12
3536,13
3537,7
3538,5
3539,12
3540,4
3541,6
3542,11
3543,10
3544,13
3545,7
3546,8
3547,9
3548,8
3549,6
3550,10
3551,7
3552,5
3553,12
3554,5
3555,12
3556,12
3557,13
3558,12
3559,7
3560,4
3561,5
3562,6
3563,8
3564,13
3565,8
3566,5
3567,5
3568,7
3569,7
3570,6
3571,7
3572,8
3573,12
3574,4
3575,4
3576,13
3577,9
3578,14
3579,8
3580,7
3581,14
3582,8
3583,9
3584,13
3585,10
3586,9
3587,12
3588,12
3589,12
3590,6
3591,6
3592,10
3593,8
3594,12
3595,7
3596,6
3597,6
3598,9
3599,9
3600,4
3601,9
3602,14
3603,8
3604,5
3605,4
3606,7
3607,8
3608,4
3609,5
3610,12
3611,8
3612,5
3613,8
3614,12
3615,6
3616,8
3617,9
3618,7
3619,7
3620,6
3621,4
3622,8
3623,5
3624,8
3625,11
3626,10
3627,10
3628,5
3629,8
3630,6
3631,7
3632,5
3633,6
3634,6
3635,9
3636,7
3637,11
3638,8
3639,7
3640,7
3641,10
3642,6
3643,11
3644,12
3645,10
3646,11
3647,10
3648,8
3649,7
3650,5
3651,5
3652,15
3653,8
3654,6
3655,5
3656,6
3657,6
3658,11
3659,6
3660,13
3661,6
3662,12
3663,9
3664,7
3665,10
3666,5
3667,4
3668,12
3669,12
3670,8
3671,11
3672,10
3673,11
3674,7
3675,9
3676,5
3677,7
3678,6
3679,8
3680,9
3681,9
3682,10
3683,6
3684,7
3685,4
3686,11
3687,5
3688,7
3689,13
3690,8
3691,10
3692,11
3693,7
3694,9
3695,10
3696,8
3697,5
3698,8
3699,8
3700,6
3701,7
3702,9
3703,11
3704,6
3705,5
3706,10
3707,7
3708,9
3709,9
3710,5
3711,5
3712,7
3713,10
3714,10
3715,3
3716,9
3717,7
3718,8
3719,7
3720,14
3721,10
3722,11
3723,8
3724,7
3725,9
3726,10
3727,12
3728,6
3729,8
3730,14
3731,6
3732,4
3733,6
3734,9
3735,8
3736,5
3737,11
3738,8
3739,6
3740,10
3741,4
3742,6
3743,8
3744,6
3745,15
3746,7
3747,13
3748,11
3749,10
3750,12
3751,10
3752,8
3753,6
3754,7
3755,9
3756,8
3757,10
3758,8
3759,8
3760,12
3761,5
3762,6
3763,5
3764,6
3765,7
3766,6
3767,8
3768,12
3769,6
3770,10
3771,5
3772,9
3773,9
3774,9
3775,9
3776,13
3777,4
3778,4
3779,8
3780,12
3781,9
3782,8
3783,10
3784,5
3785,4
3786,7
3787,10
3788,8
3789,12
3790,4
3791,5
3792,7
3793,9
3794,6
3795,5
3796,10
3797,5
3798,4
3799,11
3800,8
3801,7
3802,10
3803,8
3804,9
3805,9
3806,7
3807,8
3808,8
3809,5
3810,9
3811,4
3812,13
3813,6
3814,9
3815,14
3816,5
3817,11
3818,6
3819,11
3820,7
3821,6
3822,5
3823,5
3824,5
3825,11
3826,12
3827,7
3828,10
3829,12
3830,8
3831,9
3832,10
3833,6
3834,9
3835,9
3836,8
3837,5
3838,7
3839,7
3840,7
3841,6
3842,5
3843,5
3844,9
3845,6
3846,10
3847,9
3848,7
3849,12
3850,10
3851,11
3852,13
3853,7
3854,7
3855,10
3856,17
3857,5
3858,5
3859,5
3860,2
3861,10
3862,11
3863,14
3864,8
3865,9
3866,9
3867,7
3868,8
3869,11
3870,7
3871,10
3872,8
3873,8
3874,12
3875,7
3876,6
3877,6
3878,5
3879,6
3880,7
3881,12
3882,15
3883,6
3884,14
3885,11
3886,9
3887,8
3888,5
3889,13
3890,11
3891,12
3892,8
3893,11
3894,9
3895,9
3896,6
3897,13
3898,12
3899,10
3900,5
3901,9
3902,5
3903,5
3904,7
3905,4
3906,13
3907,5
3908,9
3909,9
3910,11
3911,9
3912,7
3913,11
3914,12
3915,8
3916,12
3917,7
3918,10
3919,11
3920,8
3921,11
3922,8
3923,5
3924,4
3925,8
3926,7
3927,8
3928,4
3929,11
3930,9
3931,9
3932,13
3933,10
3934,8
3935,11
3936,13
3937,6
3938,13
3939,3
3940,4
3941,12
3942,9
3943,12
3944,8
3945,11
3946,8
3947,9
3948,4
3949,5
3950,6
3951,6
3952,10
3953,15
3954,12
3955,11
3956,5
3957,4
3958,9
3959,10
3960,7
3961,4
3962,4
3963,8
3964,10
3965,6
3966,7
3967,5
3968,8
3969,9
3970,10
3971,5
3972,6
3973,10
3974,9
3975,10
3976,10
3977,12
3978,7
3979,8
3980,14
3981,6
3982,8
3983,4
3984,7
3985,4
3986,13
3987,6
3988,5
3989,9
3990,7
3991,11
3992,7
3993,7
3994,8
3995,11
3996,12
3997,6
3998,6
3999,10
4000,13
4001,8
4002,11
4003,11
4004,5
4005,6
4006,6
4007,8
4008,3
4009,6
4010,11
4011,9
4012,4
4013,10
4014,8
4015,9
4016,10
4017,6
4018,6
4019,11
4020,6
4021,6
4022,12
4023,5
4024,4
4025,12
4026,8
4027,9
4028,9
4029,6
4030,8
4031,10
4032,10
4033,7
4034,9
4035,9
4036,5
4037,9
4038,6
4039,7
4040,8
4041,10
4042,7
4043,10
4044,5
4045,10
4046,5
4047,9
4048,7
4049,6
4050,7
4051,8
4052,10
4053,8
4054,6
4055,5
4056,6
4057,6
4058,10
4059,7
4060,8
4061,12
4062,8
4063,4
4064,6
4065,6
4066,9
4067,11
4068,9
4069,11
4070,15
4071,5
4072,15
4073,9
4074,9
4075,13
4076,11
4077,4
4078,6
4079,9
4080,5
4081,5
4082,9
4083,11
4084,11
4085,8
4086,4
4087,3
4088,6
4089,8
4090,12
4091,11
4092,8
4093,8
4094,6
4095,7
4096,6
4097,15
4098,8
4099,11
4100,5
4101,15
4102,8
4103,14
4104,10
4105,11
4106,10
4107,9
4108,6
4109,10
4110,8
4111,11
4112,13
4113,4
4114,9
4115,16
4116,8
4117,9
4118,8
4119,5
4120,9
4121,9
4122,7
4123,6
4124,14
4125,4
4126,10
4127,10
4128,5
4129,13
4130,9
4131,10
4132,7
4133,12
4134,6
4135,10
4136,9
4137,8
4138,10
4139,8
4140,12
4141,14
4142,5
4143,10
4144,5
4145,10
4146,11
4147,8
4148,8
4149,5
4150,8
4151,6
4152,11
4153,12
4154,7
4155,10
4156,5
4157,7
4158,5
4159,4
4160,11
4161,11
4162,11
4163,11
4164,7
4165,8
4166,8
4167,8
4168,9
4169,9
4170,6
4171,8
4172,9
4173,8
4174,4
4175,13
4176,9
4177,12
4178,7
4179,13
4180,7
4181,9
4182,5
4183,8
4184,6
4185,5
4186,11
4187,9
4188,5
4189,16
4190,7
4191,12
4192,9
4193,7
4194,14
4195,12
4196,12
4197,8
4198,11
4199,7
4200,6
4201,7
4202,12
4203,10
4204,8
4205,11
4206,7
4207,6
4208,7
4209,7
4210,9
4211,4
4212,6
4213,6
4214,10
4215,13
4216,11
4217,8
4218,8
4219,9
4220,9
4221,5
4222,8
4223,5
4224,4
4225,12
4226,5
4227,7
4228,9
4229,9
4230,6
4231,10
4232,6
4233,6
4234,10
4235,11
4236,6
4237,8
4238,5
4239,11
4240,9
4241,7
4242,5
4243,6
4244,9
4245,8
4246,10
4247,5
4248,6
4249,9
4250,11
4251,11
4252,9
4253,9
4254,15
4255,12
4256,11
4257,10
4258,10
4259,9
4260,5
4261,3
4262,6
4263,6
4264,11
4265,10
4266,10
4267,9
4268,5
4269,11
4270,14
4271,8
4272,7
4273,11
4274,6
4275,14
4276,5
4277,9
4278,13
4279,4
4280,9
4281,13
4282,9
4283,9
4284,9
4285,9
4286,8
4287,10
4288,9
4289,14
4290,7
4291,12
4292,10
4293,9
4294,9
4295,7
4296,12
4297,8
4298,9
4299,5
4300,10
4301,5
4302,9
4303,12
4304,7
4305,8
4306,9
4307,9
4308,5
4309,7
4310,4
4311,5
4312,8
4313,6
4314,7
4315,7
4316,5
4317,11
4318,5
4319,4
4320,8
4321,4
4322,4
4323,6
4324,4
4325,6
4326,9
4327,8
4328,10
4329,8
4330,9
4331,16
4332,9
4333,5
4334,10
4335,5
4336,8
4337,6
4338,6
4339,15
4340,11
4341,12
4342,7
4343,12
4344,13
4345,8
4346,13
4347,8
4348,11
4349,8
4350,8
4351,6
4352,12
4353,9
4354,5
4355,6
4356,5
4357,7
4358,11
4359,5
4360,11
4361,6
4362,8
4363,9
4364,6
4365,8
4366,8
4367,5
4368,11
4369,10
4370,12
4371,9
4372,9
4373,6
4374,5
4375,5
4376,6
4377,7
4378,4
4379,9
4380,4
4381,5
4382,7
4383,6
4384,6
4385,10
4386,6
4387,9
4388,6
4389,15
4390,3
4391,15
4392,9
4393,7
4394,4
4395,11
4396,14
4397,7
4398,13
4399,9
4400,6
4401,13
4402,7
4403,5
4404,7
4405,13
4406,9
4407,6
4408,8
4409,12
4410,6
4411,10
4412,10
4413,5
4414,9
4415,7
4416,5
4417,12
4418,13
4419,8
4420,17
4421,5
4422,13
4423,7
4424,7
4425,14
4426,15
4427,7
4428,8
4429,6
