bill_id,n_items
0,11
1,20
2,18
3,12
4,15
5,13
6,18
7,20
8,10
9,11
10,19
11,13
12,11
13,12
14,6
15,14
16,16
17,20
18,21
19,13
20,20
21,10
22,9
23,11
24,9
25,12
26,19
27,14
28,13
29,11
30,19
31,13
32,10
33,8
34,9
35,14
36,20
37,9
38,6
39,12
40,8
41,15
42,15
43,13
44,12
45,10
46,9
47,20
48,14
49,8
50,15
51,14
52,14
53,17
54,9
55,13
56,20
57,9
58,15
59,15
60,7
61,13
62,13
63,10
64,17
65,15
66,17
67,8
68,10
69,10
70,19
71,16
72,14
73,8
74,17
75,14
76,11
77,11
78,20
79,10
80,14
81,13
82,7
83,13
84,11
85,12
86,12
87,15
88,6
89,9
90,20
91,8
92,7
93,9
94,9
95,13
96,12
97,9
98,11
99,8
100,8
101,6
102,16
103,9
104,16
105,15
106,20
107,11
108,9
109,14
110,19
111,9
112,12
113,11
114,16
115,11
116,14
117,8
118,8
119,6
120,11
121,9
122,8
123,14
124,12
125,7
126,14
127,20
128,15
129,12
130,20
131,13
132,9
133,17
134,9
135,18
136,17
137,14
138,12
139,13
140,17
141,6
142,13
143,12
144,14
145,15
146,11
147,10
148,15
149,14
150,16
151,7
152,16
153,13
154,7
155,14
156,6
157,12
158,11
159,13
160,13
161,16
162,10
163,7
164,15
165,12
166,14
167,11
168,10
169,19
170,11
171,19
172,12
173,9
174,8
175,13
176,10
177,7
178,15
179,9
180,9
181,11
182,19
183,8
184,14
185,16
186,8
187,20
188,11
189,14
190,11
191,15
192,19
193,9
194,7
195,8
196,11
197,11
198,19
199,9
200,7
201,13
202,13
203,14
204,13
205,8
206,11
207,16
208,16
209,10
210,14
211,12
212,18
213,8
214,8
215,8
216,14
217,15
218,6
219,12
220,16
221,18
222,14
223,7
224,7
225,13
226,7
227,18
228,13
229,6
230,5
231,8
232,14
233,11
234,11
235,11
236,6
237,7
238,11
239,11
240,11
241,13
242,8
243,14
244,16
245,8
246,10
247,7
248,12
249,7
250,9
251,7
252,13
253,13
254,8
255,11
256,7
257,18
258,11
259,18
260,18
261,15
262,8
263,19
264,11
265,6
266,17
267,8
268,6
269,16
270,8
271,13
272,11
273,8
274,13
275,9
276,7
277,10
278,7
279,10
280,17
281,15
282,7
283,8
284,8
285,15
286,8
287,12
288,10
289,11
290,7
291,14
292,14
293,16
294,7
295,17
296,10
297,16
298,12
299,12
300,9
301,11
302,6
303,6
304,13
305,8
306,8
307,8
308,10
309,8
310,9
311,9
312,18
313,12
314,16
315,7
316,9
317,9
318,11
319,16
320,15
321,10
322,8
323,10
324,13
325,7
326,14
327,13
328,16
329,8
330,9
331,13
332,13
333,10
334,8
335,9
336,11
337,14
338,6
339,10
340,14
341,10
342,16
343,16
344,18
345,6
346,11
347,12
348,12
349,18
350,8
351,8
352,12
353,17
354,18
355,13
356,16
357,8
358,8
359,13
360,10
361,17
362,10
363,16
364,14
365,19
366,10
367,12
368,14
369,12
370,10
371,9
372,5
373,16
374,17
375,14
376,17
377,8
378,18
379,14
380,9
381,14
382,9
383,18
384,10
385,9
386,8
387,19
388,12
389,7
390,7
391,9
392,11
393,14
394,20
395,19
396,18
397,7
398,10
399,10
400,8
401,15
402,13
403,18
404,12
405,10
406,12
407,7
408,10
409,10
410,16
411,9
412,7
413,12
414,10
415,15
416,14
417,14
418,15
419,7
420,15
421,11
422,21
423,10
424,13
425,7
426,13
427,16
428,12
429,7
430,10
431,10
432,6
433,19
434,14
435,14
436,6
437,8
438,18
439,8
440,8
441,13
442,8
443,10
444,12
445,6
446,15
447,11
448,10
449,15
450,6
451,13
452,15
453,11
454,7
455,13
456,6
457,16
458,14
459,15
460,6
461,7
462,15
463,5
464,17
465,7
466,18
467,5
468,8
469,10
470,10
471,12
472,6
473,19
474,7
475,12
476,11
477,10
478,13
479,8
480,15
481,6
482,11
483,13
484,11
485,14
486,11
487,11
488,14
489,6
490,16
491,13
492,14
493,10
494,19
495,16
496,7
497,11
498,10
499,14
500,11
501,18
502,9
503,13
504,21
505,12
506,15
507,6
508,6
509,15
510,13
511,15
512,6
513,5
514,11
515,14
516,10
517,13
518,14
519,8
520,8
521,14
522,11
523,10
524,7
525,6
526,12
527,10
528,8
529,10
530,13
531,9
532,11
533,22
534,9
535,11
536,12
537,8
538,6
539,13
540,12
541,9
542,8
543,12
544,8
545,15
546,10
547,12
548,15
549,9
550,9
551,10
552,17
553,14
554,7
555,18
556,15
557,9
558,8
559,13
560,7
561,14
562,8
563,7
564,7
565,7
566,5
567,15
568,10
569,8
570,6
571,10
572,12
573,12
574,17
575,7
576,6
577,6
578,13
579,17
580,16
581,14
582,5
583,6
584,12
585,12
586,9
587,11
588,13
589,8
590,12
591,7
592,16
593,7
594,13
595,10
596,18
597,8
598,12
599,8
600,9
601,15
602,10
603,17
604,6
605,9
606,6
607,5
608,8
609,12
610,17
611,12
612,10
613,10
614,14
615,16
616,16
617,6
618,16
619,11
620,15
621,10
622,16
623,15
624,6
625,14
626,15
627,13
628,11
629,12
630,14
631,17
632,8
633,6
634,9
635,10
636,7
637,10
638,14
639,9
640,13
641,18
642,10
643,7
644,15
645,8
646,10
647,11
648,10
649,11
650,10
651,15
652,7
653,12
654,9
655,18
656,13
657,8
658,12
659,14
660,8
661,13
662,10
663,7
664,12
665,10
666,7
667,11
668,14
669,6
670,16
671,10
672,13
673,10
674,12
675,18
676,11
677,15
678,11
679,12
680,9
681,13
682,14
683,18
684,10
685,16
686,18
687,9
688,9
689,9
690,8
691,14
692,12
693,14
694,17
695,12
696,11
697,5
698,8
699,11
700,8
701,10
702,15
703,11
704,17
705,18
706,11
707,15
708,14
709,10
710,11
711,14
712,9
713,10
714,15
715,7
716,7
717,10
718,16
719,11
720,11
721,9
722,15
723,7
724,6
725,9
726,11
727,12
728,12
729,13
730,16
731,11
732,7
733,14
734,13
735,13
736,11
737,12
738,6
739,7
740,13
741,16
742,8
743,13
744,11
745,12
746,8
747,14
748,6
749,10
750,11
751,13
752,13
753,10
754,13
755,5
756,12
757,6
758,14
759,9
760,8
761,10
762,12
763,8
764,8
765,18
766,21
767,10
768,7
769,14
770,12
771,6
772,11
773,9
774,10
775,15
776,8
777,14
778,16
779,18
780,16
781,14
782,10
783,10
784,9
785,15
786,19
787,12
788,12
789,16
790,15
791,18
792,16
793,9
794,8
795,13
796,10
797,8
798,9
799,12
800,18
801,11
802,15
803,14
804,13
805,12
806,9
807,10
808,16
809,7
810,14
811,16
812,12
813,8
814,6
815,5
816,10
817,10
818,10
819,15
820,15
821,10
822,11
823,9
824,17
825,13
826,13
827,8
828,15
829,13
830,11
831,12
832,17
833,10
834,11
835,5
836,13
837,12
838,7
839,15
840,17
841,13
842,10
843,8
844,11
845,14
846,18
847,11
848,12
849,7
850,10
851,7
852,11
853,9
854,18
855,7
856,14
857,8
858,8
859,9
860,6
861,12
862,15
863,8
864,7
865,17
866,6
867,9
868,11
869,10
870,13
871,5
872,14
873,9
874,18
875,6
876,10
877,6
878,9
879,10
880,18
881,10
882,7
883,21
884,8
885,13
886,14
887,6
888,9
889,11
890,10
891,19
892,8
893,10
894,7
895,16
896,11
897,13
898,8
899,12
900,10
901,10
902,13
903,17
904,15
905,13
906,6
907,10
908,12
909,10
910,13
911,12
912,7
913,12
914,12
915,7
916,17
917,9
918,14
919,9
920,10
921,12
922,6
923,10
924,11
925,18
926,12
927,6
928,14
929,7
930,8
931,10
932,20
933,10
934,8
935,17
936,14
937,14
938,9
939,5
940,10
941,11
942,10
943,12
944,10
945,7
946,8
947,14
948,6
949,14
950,18
951,17
952,12
953,14
954,15
955,7
956,6
957,11
958,11
959,13
960,13
961,10
962,8
963,12
964,10
965,8
966,9
967,15
968,19
969,11
970,7
971,13
972,15
973,15
974,6
975,8
976,14
977,7
978,14
979,6
980,18
981,12
982,5
983,11
984,9
985,11
986,10
987,8
988,8
989,15
990,14
991,10
992,14
993,13
994,8
995,6
996,9
997,10
998,6
999,8
1000,7
1001,8
1002,8
1003,7
1004,9
1005,6
1006,6
1007,9
1008,13
1009,15
1010,7
1011,9
1012,15
1013,6
1014,11
1015,7
1016,13
1017,10
1018,13
1019,8
1020,9
1021,9
1022,7
1023,17
1024,7
1025,8
1026,9
1027,18
1028,13
1029,7
1030,12
1031,10
1032,7
1033,13
1034,13
1035,12
1036,13
1037,19
1038,7
1039,8
1040,10
1041,16
1042,5
1043,10
1044,11
1045,9
1046,17
1047,13
1048,13
1049,13
1050,9
1051,7
1052,11
1053,12
1054,6
1055,11
1056,13
1057,11
1058,14
1059,16
1060,20
1061,8
1062,10
1063,9
1064,12
1065,15
1066,14
1067,6
1068,16
1069,13
1070,15
1071,12
1072,11
1073,15
1074,12
1075,9
1076,8
1077,6
1078,10
1079,19
1080,12
1081,18
1082,12
1083,9
1084,8
1085,8
1086,9
1087,12
1088,8
1089,6
1090,20
1091,8
1092,13
1093,7
1094,12
1095,9
1096,14
1097,11
1098,7
1099,6
1100,9
1101,9
1102,8
1103,10
1104,13
1105,13
1106,11
1107,20
1108,15
1109,8
1110,13
1111,8
1112,10
1113,13
1114,10
1115,6
1116,6
1117,15
1118,7
1119,13
1120,9
1121,9
1122,8
1123,19
1124,9
1125,7
1126,6
1127,11
1128,14
1129,13
1130,17
1131,15
1132,10
1133,14
1134,12
1135,12
1136,13
1137,14
1138,9
1139,9
1140,5
1141,13
1142,15
1143,6
1144,11
1145,13
1146,11
1147,14
1148,9
1149,15
1150,9
1151,18
1152,8
1153,16
1154,11
1155,12
1156,12
1157,6
1158,8
1159,7
1160,10
1161,9
1162,13
1163,18
1164,9
1165,6
1166,13
1167,14
1168,14
1169,10
1170,10
1171,13
1172,10
1173,11
1174,18
1175,9
1176,10
1177,8
1178,7
1179,14
1180,16
1181,13
1182,12
1183,8
1184,15
1185,11
1186,9
1187,8
1188,6
1189,14
1190,12
1191,6
1192,9
1193,7
1194,15
1195,7
1196,17
1197,11
1198,13
1199,9
1200,8
1201,11
1202,9
1203,12
1204,8
1205,14
1206,12
1207,19
1208,12
1209,8
1210,17
1211,9
1212,5
1213,16
1214,9
1215,10
1216,9
1217,15
1218,13
1219,8
1220,11
1221,18
1222,8
1223,11
1224,7
1225,6
1226,10
1227,6
1228,18
1229,7
1230,7
1231,11
1232,8
1233,14
1234,6
1235,6
1236,7
1237,9
1238,12
1239,7
1240,17
1241,18
1242,12
1243,10
1244,9
1245,7
1246,12
1247,10
1248,8
1249,7
1250,17
1251,8
1252,16
1253,12
1254,15
1255,8
1256,9
1257,8
1258,8
1259,7
1260,9
1261,8
1262,12
1263,14
1264,11
1265,12
1266,18
1267,8
1268,12
1269,11
1270,11
1271,12
1272,8
1273,6
1274,7
1275,19
1276,13
1277,9
1278,6
1279,10
1280,8
1281,11
1282,11
1283,15
1284,7
1285,10
1286,6
1287,9
1288,14
1289,11
1290,5
1291,13
1292,9
1293,19
1294,7
1295,11
1296,7
1297,9
1298,8
1299,9
1300,14
1301,7
1302,8
1303,9
1304,9
1305,9
1306,16
1307,12
1308,13
1309,7
1310,9
1311,14
1312,13
1313,6
1314,17
1315,12
1316,9
1317,18
1318,9
1319,17
1320,12
1321,12
1322,6
1323,15
1324,9
1325,12
1326,13
1327,12
1328,14
1329,12
1330,17
1331,7
1332,11
1333,10
1334,8
1335,10
1336,9
1337,16
1338,9
1339,16
1340,12
1341,14
1342,6
1343,9
1344,7
1345,9
1346,15
1347,10
1348,7
1349,9
1350,12
1351,17
1352,8
1353,16
1354,10
1355,10
1356,6
1357,13
1358,6
1359,18
1360,8
1361,15
1362,7
1363,13
1364,18
1365,7
1366,8
1367,12
1368,18
1369,6
1370,11
1371,12
1372,9
1373,13
1374,11
1375,18
1376,13
1377,12
1378,9
1379,10
1380,14
1381,11
1382,17
1383,12
1384,15
1385,13
1386,12
1387,12
1388,10
1389,10
1390,14
1391,18
1392,11
1393,8
1394,10
1395,5
1396,10
1397,14
1398,17
1399,12
1400,11
1401,9
1402,6
1403,13
1404,11
1405,8
1406,20
1407,11
1408,8
1409,8
1410,6
1411,10
1412,9
1413,19
1414,6
1415,8
1416,7
1417,10
1418,9
1419,13
1420,10
1421,11
1422,6
1423,7
1424,10
1425,10
1426,12
1427,11
1428,16
1429,7
1430,15
1431,8
1432,14
1433,11
1434,9
1435,9
1436,15
1437,17
1438,17
1439,13
1440,13
1441,13
1442,7
1443,9
1444,8
1445,8
1446,10
1447,13
1448,12
1449,8
1450,12
1451,13
1452,12
1453,10
1454,7
1455,18
1456,11
1457,11
1458,10
1459,9
1460,8
1461,10
1462,7
1463,9
1464,7
1465,11
1466,11
1467,14
1468,11
1469,13
1470,11
1471,6
1472,10
1473,13
1474,7
1475,13
1476,9
1477,12
1478,16
1479,7
1480,11
1481,11
1482,10
1483,13
1484,8
1485,16
1486,10
1487,11
1488,9
1489,7
1490,16
1491,8
1492,8
1493,7
1494,14
1495,8
1496,12
1497,7
1498,9
1499,9
1500,6
1501,8
1502,15
1503,9
1504,18
1505,10
1506,15
1507,11
1508,14
1509,9
1510,8
1511,15
1512,10
1513,12
1514,12
1515,9
1516,16
1517,11
1518,8
1519,8
1520,6
1521,9
1522,8
1523,13
1524,10
1525,7
1526,11
1527,9
1528,12
1529,10
1530,16
1531,11
1532,14
1533,8
1534,12
1535,19
1536,15
1537,15
1538,10
1539,8
1540,14
1541,8
1542,9
1543,10
1544,11
1545,13
1546,10
1547,17
1548,15
1549,8
1550,10
1551,8
1552,9
1553,11
1554,9
1555,9
1556,18
1557,8
1558,6
1559,15
1560,6
1561,7
1562,9
1563,13
1564,9
1565,20
1566,10
1567,14
1568,10
1569,8
1570,9
1571,10
1572,18
1573,9
1574,9
1575,7
1576,11
1577,7
1578,7
1579,18
1580,13
1581,15
1582,10
1583,12
1584,13
1585,12
1586,15
1587,14
1588,12
1589,10
1590,13
1591,14
1592,18
1593,11
1594,15
1595,6
1596,13
1597,7
1598,9
1599,18
1600,9
1601,14
1602,12
1603,19
1604,10
1605,7
1606,10
1607,10
1608,15
1609,10
1610,7
1611,12
1612,14
1613,9
1614,12
1615,13
1616,7
1617,11
1618,17
1619,18
1620,8
1621,11
1622,9
1623,6
1624,15
1625,10
1626,9
1627,10
1628,7
1629,17
1630,12
1631,13
1632,10
1633,12
1634,19
1635,11
1636,9
1637,7
1638,14
1639,11
1640,15
1641,14
1642,18
1643,18
1644,13
1645,10
1646,7
1647,9
1648,17
1649,11
1650,8
1651,8
1652,10
1653,13
1654,10
1655,11
1656,12
1657,8
1658,13
1659,11
1660,9
1661,12
1662,14
1663,15
1664,12
1665,8
1666,10
1667,12
1668,16
1669,11
1670,13
1671,7
1672,14
1673,13
1674,6
1675,13
1676,17
1677,6
1678,11
1679,17
1680,7
1681,15
1682,11
1683,11
1684,7
1685,10
1686,12
1687,6
1688,17
1689,7
1690,15
1691,7
1692,8
1693,9
1694,20
1695,9
1696,14
1697,9
1698,8
1699,14
1700,9
1701,5
1702,13
1703,8
1704,12
1705,12
1706,7
1707,8
1708,13
1709,15
1710,5
1711,9
1712,18
1713,10
1714,17
1715,9
1716,16
1717,17
1718,8
1719,9
1720,6
1721,7
1722,11
1723,6
1724,9
1725,14
1726,12
1727,9
1728,8
1729,14
1730,8
1731,19
1732,8
1733,8
1734,6
1735,9
1736,8
1737,7
1738,13
1739,7
1740,12
1741,15
1742,15
1743,7
1744,8
1745,11
1746,9
1747,12
1748,17
1749,10
1750,12
1751,11
1752,6
1753,8
1754,7
1755,8
1756,9
1757,17
1758,6
1759,10
1760,8
1761,8
1762,10
1763,20
1764,6
1765,10
1766,10
1767,15
1768,7
1769,16
1770,9
1771,5
1772,13
1773,8
1774,8
1775,19
1776,13
1777,15
1778,7
1779,7
1780,6
1781,15
1782,11
1783,14
1784,8
1785,7
1786,11
1787,8
1788,10
1789,20
1790,15
1791,9
1792,8
1793,9
1794,10
1795,7
1796,8
1797,10
1798,5
1799,16
1800,11
1801,9
1802,12
1803,8
1804,14
1805,10
1806,18
1807,12
1808,15
1809,18
1810,9
1811,14
1812,18
1813,7
1814,12
1815,8
1816,17
1817,8
1818,12
1819,8
1820,7
1821,17
1822,6
1823,9
1824,7
1825,11
1826,18
1827,12
1828,6
1829,14
1830,13
1831,10
1832,14
1833,16
1834,11
1835,10
1836,8
1837,8
1838,16
1839,11
1840,11
1841,10
1842,8
1843,9
1844,9
1845,9
1846,18
1847,9
1848,13
1849,10
1850,12
1851,10
1852,18
1853,8
1854,9
1855,8
1856,15
1857,9
1858,12
1859,10
1860,9
1861,10
1862,7
1863,10
1864,6
1865,5
1866,7
1867,8
1868,18
1869,15
1870,12
1871,19
1872,11
1873,7
1874,7
1875,18
1876,10
1877,12
1878,14
1879,14
1880,15
1881,7
1882,12
1883,15
1884,17
1885,6
1886,17
1887,8
1888,9
1889,15
1890,7
1891,16
1892,20
1893,15
1894,14
1895,13
1896,9
1897,13
1898,8
1899,5
1900,15
1901,9
1902,10
1903,12
1904,12
1905,10
1906,15
1907,10
1908,12
1909,11
1910,13
1911,9
1912,12
1913,11
1914,10
1915,9
1916,12
1917,14
1918,15
1919,10
1920,12
1921,12
1922,10
1923,17
1924,12
1925,9
1926,18
1927,6
1928,9
1929,10
1930,11
1931,8
1932,8
1933,11
1934,16
1935,19
1936,8
1937,10
1938,13
1939,15
1940,18
1941,13
1942,15
1943,20
1944,10
1945,19
1946,11
1947,11
1948,10
1949,12
1950,14
1951,18
1952,9
1953,15
1954,12
1955,9
1956,11
1957,8
1958,9
1959,12
1960,13
1961,7
1962,9
1963,11
1964,11
1965,10
1966,10
1967,10
1968,13
1969,6
1970,8
1971,6
1972,7
1973,11
1974,14
1975,13
1976,7
1977,6
1978,17
1979,13
1980,9
1981,14
1982,18
1983,8
1984,13
1985,10
1986,16
1987,11
1988,7
1989,7
1990,10
1991,6
1992,7
1993,6
1994,6
1995,10
1996,7
1997,12
1998,11
1999,14
2000,15
2001,13
2002,9
2003,6
2004,7
2005,10
2006,16
2007,6
2008,11
2009,11
2010,13
2011,18
2012,15
2013,15
2014,8
2015,16
2016,8
2017,11
2018,7
2019,14
2020,13
2021,9
2022,9
2023,21
2024,12
2025,7
2026,12
2027,13
2028,14
2029,8
2030,14
2031,6
2032,7
2033,5
2034,20
2035,14
2036,10
2037,10
2038,7
2039,12
2040,5
2041,16
2042,10
2043,7
2044,10
2045,15
2046,10
2047,15
2048,9
2049,8
2050,12
2051,12
2052,8
2053,8
2054,18
2055,8
2056,8
2057,6
2058,8
2059,6
2060,17
2061,7
2062,17
2063,13
2064,13
2065,8
2066,15
2067,17
2068,11
2069,10
2070,7
2071,8
2072,13
2073,16
2074,11
2075,6
2076,7
2077,14
2078,8
2079,11
2080,12
2081,9
2082,10
2083,14
2084,19
2085,20
2086,10
2087,14
2088,13
2089,11
2090,17
2091,7
2092,9
2093,7
2094,18
2095,8
2096,13
2097,6
2098,9
2099,15
2100,11
2101,11
2102,9
2103,8
2104,15
2105,15
2106,15
2107,13
2108,5
2109,14
2110,10
2111,7
2112,11
2113,8
2114,10
2115,11
2116,9
2117,8
2118,9
2119,12
2120,10
2121,13
2122,12
2123,11
2124,12
2125,17
2126,8
2127,14
2128,10
2129,13
2130,18
2131,9
2132,18
2133,12
2134,11
2135,8
2136,9
2137,10
2138,10
2139,8
2140,10
2141,9
2142,9
2143,14
2144,7
2145,7
2146,18
2147,10
2148,19
2149,10
2150,7
2151,10
2152,9
2153,8
2154,7
2155,13
2156,19
2157,15
2158,8
2159,8
2160,17
2161,10
2162,6
2163,12
2164,14
2165,12
2166,5
2167,7
2168,9
2169,12
2170,8
2171,18
2172,9
2173,12
2174,9
2175,9
2176,11
2177,10
2178,8
2179,12
2180,18
2181,6
2182,7
2183,13
2184,12
2185,13
2186,9
2187,9
2188,16
2189,14
2190,7
2191,14
2192,10
2193,11
2194,6
2195,14
2196,17
2197,12
2198,7
2199,5
2200,7
2201,19
2202,17
2203,11
2204,22
2205,16
2206,13
2207,10
2208,6
2209,14
2210,7
2211,14
2212,7
2213,12
2214,18
2215,11
2216,7
2217,8
2218,8
2219,14
2220,11
2221,12
2222,10
2223,9
2224,10
2225,14
2226,8
2227,11
2228,9
2229,10
2230,12
2231,15
2232,10
2233,16
2234,18
2235,16
2236,14
2237,6
2238,10
2239,6
2240,11
2241,10
2242,21
2243,8
2244,7
2245,9
2246,18
2247,13
2248,14
2249,8
2250,14
2251,10
2252,17
2253,14
2254,7
2255,10
2256,10
2257,9
2258,15
2259,14
2260,10
2261,10
2262,8
2263,9
2264,7
2265,8
2266,11
2267,12
2268,13
2269,9
2270,10
2271,16
2272,14
2273,19
2274,7
2275,13
2276,17
2277,13
2278,11
2279,16
2280,11
2281,17
2282,9
2283,8
2284,13
2285,12
2286,6
2287,11
2288,19
2289,7
2290,14
2291,10
2292,10
2293,7
2294,12
2295,12
2296,10
2297,13
2298,16
2299,12
2300,15
2301,14
2302,16
2303,9
2304,11
2305,13
2306,10
2307,6
2308,7
2309,16
2310,11
2311,16
2312,7
2313,10
2314,7
2315,10
2316,6
2317,6
2318,10
2319,12
2320,14
2321,16
2322,10
2323,6
2324,16
2325,11
2326,12
2327,13
2328,7
2329,12
2330,12
2331,12
2332,11
2333,13
2334,9
2335,5
2336,7
2337,12
2338,14
2339,14
2340,7
2341,12
2342,7
2343,7
2344,15
2345,6
2346,12
2347,21
2348,6
2349,7
2350,18
2351,12
2352,9
2353,12
2354,18
2355,14
2356,9
2357,11
2358,11
2359,10
2360,9
2361,8
2362,9
2363,8
2364,12
2365,9
2366,14
2367,6
2368,7
2369,15
2370,13
2371,15
2372,14
2373,15
2374,11
2375,9
2376,10
2377,6
2378,19
2379,10
2380,8
2381,9
2382,8
2383,9
2384,8
2385,9
2386,14
2387,6
2388,9
2389,16
2390,10
2391,18
2392,16
2393,8
2394,10
2395,19
2396,18
2397,8
2398,9
2399,8
2400,14
2401,7
2402,16
2403,13
2404,8
2405,12
2406,15
2407,6
2408,7
2409,7
2410,6
2411,8
2412,10
2413,12
2414,13
2415,8
2416,17
2417,15
2418,13
2419,11
2420,12
2421,6
2422,9
2423,10
2424,13
2425,12
2426,8
2427,10
2428,10
2429,11
2430,6
2431,11
2432,11
2433,16
2434,12
2435,13
2436,11
2437,9
2438,11
2439,8
2440,11
2441,9
2442,10
2443,12
2444,11
2445,8
2446,12
2447,6
2448,10
2449,9
2450,11
2451,12
2452,14
2453,7
2454,7
2455,12
2456,9
2457,12
2458,7
2459,12
2460,18
2461,9
2462,11
2463,12
2464,7
2465,6
2466,15
2467,9
2468,9
2469,10
2470,12
2471,9
2472,11
2473,11
2474,6
2475,15
2476,9
2477,19
2478,17
2479,8
2480,15
2481,11
2482,16
2483,9
2484,14
2485,13
2486,9
2487,17
2488,12
2489,10
2490,10
2491,15
2492,14
2493,6
2494,11
2495,7
2496,18
2497,7
2498,9
2499,15
2500,10
2501,11
2502,6
2503,14
2504,18
2505,18
2506,8
2507,10
2508,7
2509,9
2510,8
2511,10
2512,6
2513,8
2514,9
2515,8
2516,12
2517,17
2518,20
2519,9
2520,8
2521,10
2522,10
2523,12
2524,12
2525,12
2526,14
2527,11
2528,19
2529,15
2530,15
2531,9
2532,8
2533,8
2534,18
2535,11
2536,10
2537,12
2538,9
2539,15
2540,8
2541,11
2542,12
2543,7
2544,11
2545,9
2546,12
2547,7
2548,11
2549,18
2550,13
2551,17
2552,9
2553,17
2554,7
2555,8
2556,7
2557,8
2558,10
2559,13
2560,12
2561,12
2562,14
2563,6
2564,9
2565,10
2566,12
2567,11
2568,5
2569,14
2570,10
2571,16
2572,12
2573,16
2574,13
2575,10
2576,11
2577,13
2578,14
2579,14
2580,6
2581,7
2582,15
2583,15
2584,11
2585,11
2586,14
2587,13
2588,8
2589,9
2590,8
2591,7
2592,16
2593,8
2594,12
2595,10
2596,13
2597,9
2598,10
2599,14
2600,10
2601,13
2602,10
2603,19
2604,18
2605,11
2606,9
2607,7
2608,9
2609,13
2610,15
2611,9
2612,15
2613,11
2614,11
2615,12
2616,7
2617,11
2618,10
2619,11
2620,12
2621,13
2622,7
2623,10
2624,7
2625,12
2626,7
2627,12
2628,11
2629,13
2630,9
2631,18
2632,6
2633,14
2634,12
2635,9
2636,9
2637,8
2638,10
2639,8
2640,8
2641,9
2642,8
2643,6
2644,10
2645,7
2646,8
2647,15
2648,9
2649,9
2650,10
2651,13
2652,14
2653,15
2654,11
2655,20
2656,10
2657,10
2658,16
2659,11
2660,8
2661,7
2662,11
2663,6
2664,18
2665,10
2666,8
2667,15
2668,7
2669,6
2670,20
2671,11
2672,7
2673,6
2674,6
2675,15
2676,14
2677,10
2678,18
2679,8
2680,13
2681,14
2682,13
2683,13
2684,12
2685,6
2686,7
2687,12
2688,16
2689,11
2690,7
2691,9
2692,7
2693,15
2694,10
2695,6
2696,16
2697,10
2698,10
2699,7
2700,17
2701,11
2702,8
2703,8
2704,6
2705,15
2706,8
2707,13
2708,13
2709,14
2710,16
2711,9
2712,8
2713,11
2714,7
2715,18
2716,18
2717,8
2718,9
2719,18
2720,11
2721,10
2722,14
2723,13
2724,13
2725,6
2726,10
2727,12
2728,15
2729,14
2730,9
2731,9
2732,10
2733,6
2734,12
2735,10
2736,18
2737,7
2738,7
2739,7
2740,17
2741,13
2742,11
2743,8
2744,18
2745,10
2746,7
2747,20
2748,18
2749,6
2750,16
2751,11
2752,6
2753,12
2754,10
2755,11
2756,14
2757,5
2758,9
2759,11
2760,10
2761,16
2762,10
2763,6
2764,9
2765,10
2766,9
2767,12
2768,8
2769,11
2770,7
2771,11
2772,9
2773,12
2774,14
2775,11
2776,18
2777,15
2778,6
2779,14
2780,19
2781,11
2782,8
2783,15
2784,15
2785,5
2786,6
2787,12
2788,14
2789,9
2790,10
2791,6
2792,10
2793,6
2794,8
2795,14
2796,16
2797,6
2798,8
2799,6
2800,10
2801,10
2802,12
2803,15
2804,8
2805,15
2806,9
2807,8
2808,18
2809,8
2810,8
2811,11
2812,10
2813,11
2814,9
2815,11
2816,10
2817,18
2818,15
2819,15
2820,12
2821,6
2822,9
2823,12
2824,8
2825,6
2826,7
2827,13
2828,14
2829,16
2830,7
2831,7
2832,12
2833,15
2834,11
2835,10
2836,16
2837,6
2838,11
2839,12
2840,18
2841,6
2842,7
2843,9
2844,15
2845,15
2846,9
2847,12
2848,11
2849,12
2850,15
2851,5
2852,8
2853,12
2854,8
2855,9
2856,10
2857,15
2858,11
2859,8
2860,11
2861,16
2862,10
2863,13
2864,8
2865,12
2866,6
2867,7
2868,19
2869,9
2870,11
2871,7
2872,17
2873,14
2874,12
2875,12
2876,10
2877,9
2878,6
2879,12
2880,7
2881,15
2882,10
2883,15
2884,12
2885,9
2886,14
2887,11
2888,5
2889,17
2890,18
2891,8
2892,18
2893,14
2894,8
2895,12
2896,9
2897,10
2898,8
2899,9
2900,12
2901,15
2902,9
2903,11
2904,15
2905,17
2906,14
2907,6
2908,18
2909,12
2910,11
2911,11
2912,6
2913,9
2914,20
2915,13
2916,18
2917,16
2918,9
2919,10
2920,7
2921,14
2922,18
2923,7
2924,10
2925,16
2926,12
2927,9
2928,19
2929,8
2930,15
2931,14
2932,17
2933,19
2934,12
2935,13
2936,8
2937,11
2938,6
2939,8
2940,15
2941,10
2942,7
2943,12
2944,7
2945,17
2946,14
2947,10
2948,9
2949,10
2950,14
2951,9
2952,8
2953,13
2954,15
2955,7
2956,16
2957,12
2958,7
2959,11
2960,17
2961,8
2962,20
2963,13
2964,7
2965,12
2966,12
2967,10
2968,15
2969,18
2970,17
2971,7
2972,13
2973,13
2974,12
2975,10
2976,10
2977,11
2978,11
2979,5
2980,9
2981,12
2982,13
2983,9
2984,8
2985,10
2986,9
2987,12
2988,17
2989,6
2990,5
2991,10
2992,7
2993,7
2994,14
2995,10
2996,9
2997,10
2998,16
2999,13
3000,10
3001,12
3002,8
3003,10
3004,11
3005,18
3006,17
3007,14
3008,9
3009,18
3010,9
3011,13
3012,10
3013,13
3014,9
3015,12
3016,10
3017,10
3018,9
3019,15
3020,7
3021,13
3022,6
3023,12
3024,6
3025,12
3026,12
3027,11
3028,9
3029,6
3030,18
3031,5
3032,13
3033,7
3034,17
3035,8
3036,9
3037,19
3038,8
3039,15
3040,11
3041,5
3042,14
3043,10
3044,17
3045,10
3046,18
3047,9
3048,8
3049,8
3050,9
3051,6
3052,17
3053,14
3054,9
3055,16
3056,8
3057,12
3058,10
3059,17
3060,9
3061,6
3062,8
3063,9
3064,14
3065,11
3066,13
3067,14
3068,9
3069,18
3070,12
3071,12
3072,11
3073,9
3074,11
3075,8
3076,10
3077,16
3078,16
3079,18
3080,21
3081,10
3082,10
3083,10
3084,14
3085,15
3086,9
3087,5
3088,13
3089,15
3090,9
3091,10
3092,9
3093,10
3094,6
3095,12
3096,10
3097,14
3098,10
3099,14
3100,10
3101,14
3102,6
3103,10
3104,11
3105,15
3106,19
3107,13
3108,11
3109,9
3110,9
3111,10
3112,17
3113,14
3114,8
3115,14
3116,9
3117,9
3118,13
3119,8
3120,7
3121,10
3122,17
3123,13
3124,11
3125,7
3126,11
3127,11
3128,7
3129,8
3130,12
3131,9
3132,6
3133,12
3134,15
3135,12
3136,15
3137,7
3138,6
3139,7
3140,18
3141,13
3142,6
3143,9
3144,14
3145,7
3146,15
3147,7
3148,17
3149,8
3150,6
3151,8
3152,13
3153,20
3154,15
3155,9
3156,6
3157,11
3158,8
3159,13
3160,11
3161,18
3162,10
3163,8
3164,8
3165,18
3166,18
3167,6
3168,11
3169,8
3170,11
3171,11
3172,9
3173,15
3174,11
3175,15
3176,5
3177,18
3178,10
3179,13
3180,10
3181,7
3182,11
3183,7
3184,8
3185,9
3186,9
3187,12
3188,9
3189,10
3190,14
3191,10
3192,6
3193,10
3194,7
3195,10
3196,12
3197,11
3198,9
3199,9
3200,15
3201,17
3202,15
3203,11
3204,10
3205,22
3206,12
3207,6
3208,13
3209,8
3210,11
3211,8
3212,5
3213,11
3214,14
3215,8
3216,19
3217,14
3218,14
3219,18
3220,11
3221,10
3222,13
3223,15
3224,9
3225,10
3226,17
3227,12
3228,8
3229,14
3230,15
3231,15
3232,14
3233,7
3234,7
3235,17
3236,18
3237,19
3238,9
3239,6
3240,9
3241,7
3242,14
3243,18
3244,17
3245,10
3246,13
3247,13
3248,7
3249,12
3250,18
3251,14
3252,11
3253,8
3254,13
3255,17
3256,10
3257,11
3258,9
3259,7
3260,13
3261,12
3262,12
3263,7
3264,14
3265,10
3266,11
3267,16
3268,12
3269,7
3270,14
3271,12
3272,7
3273,14
3274,14
3275,13
3276,11
3277,8
3278,7
3279,8
3280,10
3281,8
3282,10
3283,9
3284,12
3285,12
3286,17
3287,12
3288,11
3289,8
3290,9
3291,14
3292,21
3293,14
3294,9
3295,11
3296,11
3297,14
3298,10
3299,15
3300,13
3301,8
3302,12
3303,13
3304,16
3305,9
3306,16
3307,9
3308,9
3309,9
3310,17
3311,6
3312,7
3313,9
3314,13
3315,9
3316,11
3317,16
3318,12
3319,10
3320,11
3321,10
3322,9
3323,11
3324,11
3325,20
3326,8
3327,15
3328,9
3329,15
3330,9
3331,7
3332,13
3333,14
3334,6
3335,7
3336,9
3337,9
3338,11
3339,12
3340,13
3341,12
3342,12
3343,12
3344,9
3345,9
3346,17
3347,13
3348,9
3349,14
3350,5
3351,14
3352,10
3353,12
3354,11
3355,8
3356,6
3357,11
3358,9
3359,14
3360,14
3361,12
3362,9
3363,9
3364,7
3365,6
3366,7
3367,10
3368,6
3369,11
3370,12
3371,8
3372,12
3373,13
3374,10
3375,11
3376,17
3377,14
3378,17
3379,16
3380,11
3381,18
3382,9
3383,17
3384,12
3385,12
3386,8
3387,12
3388,11
3389,8
3390,9
3391,11
3392,9
3393,14
3394,9
3395,7
3396,10
3397,6
3398,17
3399,8
3400,10
3401,6
3402,10
3403,18
3404,10
3405,16
3406,9
3407,9
3408,13
3409,11
3410,18
3411,10
3412,11
3413,10
3414,8
3415,18
3416,10
3417,18
3418,8
3419,10
3420,8
3421,17
3422,12
3423,14
3424,14
3425,11
3426,9
3427,8
3428,12
3429,10
3430,13
3431,12
3432,11
3433,9
3434,6
3435,13
3436,12
3437,6
3438,11
3439,12
3440,19
3441,13
3442,8
3443,14
3444,6
3445,12
3446,10
3447,11
3448,7
3449,15
3450,11
3451,18
3452,18
3453,7
3454,9
3455,6
3456,17
3457,7
3458,9
3459,6
3460,6
3461,16
3462,7
3463,15
3464,13
3465,9
3466,9
3467,11
3468,17
3469,13
3470,10
3471,18
3472,7
3473,10
3474,8
3475,14
3476,8
3477,15
3478,15
3479,15
3480,8
3481,15
3482,7
3483,5
3484,9
3485,8
3486,7
3487,20
3488,17
3489,17
3490,9
3491,13
3492,15
3493,12
3494,11
3495,10
3496,8
3497,11
3498,10
3499,14
3500,14
3501,5
3502,18
3503,9
3504,8
3505,10
3506,7
3507,10
3508,7
3509,7
3510,18
3511,12
3512,8
3513,12
3514,10
3515,11
3516,12
3517,10
3518,8
3519,7
3520,8
3521,6
3522,10
3523,10
3524,6
3525,10
3526,6
3527,9
3528,10
3529,9
3530,11
3531,6
3532,11
3533,7
3534,8
3535,14
3536,15
3537,7
3538,8
3539,16
3540,8
3541,6
3542,14
3543,11
3544,18
3545,9
3546,10
3547,18
3548,10
3549,6
3550,13
3551,10
3552,7
3553,17
3554,6
3555,20
3556,15
3557,17
3558,18
3559,10
3560,6
3561,6
3562,9
3563,10
3564,15
3565,10
3566,8
3567,9
3568,9
3569,10
3570,12
3571,10
3572,10
3573,16
3574,6
3575,8
3576,18
3577,11
3578,16
3579,9
3580,9
3581,20
3582,11
3583,12
3584,17
3585,11
3586,10
3587,13
3588,17
3589,13
3590,13
3591,8
3592,14
3593,14
3594,15
3595,10
3596,9
3597,7
3598,13
3599,9
3600,6
3601,13
3602,16
3603,9
3604,9
3605,8
3606,9
3607,11
3608,6
3609,9
3610,15
3611,13
3612,6
3613,9
3614,13
3615,6
3616,10
3617,10
3618,8
3619,13
3620,8
3621,6
3622,10
3623,6
3624,12
3625,20
3626,17
3627,15
3628,7
3629,10
3630,9
3631,8
3632,6
3633,8
3634,7
3635,15
3636,12
3637,15
3638,9
3639,12
3640,14
3641,11
3642,10
3643,11
3644,15
3645,10
3646,13
3647,13
3648,13
3649,7
3650,6
3651,7
3652,16
3653,10
3654,10
3655,6
3656,6
3657,9
3658,14
3659,8
3660,20
3661,7
3662,14
3663,13
3664,9
3665,17
3666,6
3667,7
3668,18
3669,12
3670,11
3671,15
3672,10
3673,17
3674,8
3675,9
3676,5
3677,8
3678,8
3679,13
3680,12
3681,10
3682,14
3683,10
3684,8
3685,10
3686,13
3687,8
3688,8
3689,14
3690,8
3691,12
3692,14
3693,12
3694,10
3695,11
3696,13
3697,5
3698,11
3699,12
3700,8
3701,10
3702,10
3703,16
3704,8
3705,7
3706,15
3707,7
3708,12
3709,10
3710,7
3711,10
3712,8
3713,13
3714,13
3715,6
3716,12
3717,8
3718,8
3719,7
3720,16
3721,15
3722,14
3723,15
3724,8
3725,14
3726,14
3727,13
3728,6
3729,12
3730,15
3731,8
3732,6
3733,8
3734,17
3735,13
3736,7
3737,12
3738,12
3739,6
3740,13
3741,6
3742,10
3743,9
3744,9
3745,20
3746,8
3747,16
3748,13
3749,12
3750,13
3751,15
3752,13
3753,6
3754,9
3755,9
3756,10
3757,10
3758,12
3759,11
3760,15
3761,6
3762,8
3763,6
3764,10
3765,9
3766,10
3767,8
3768,14
3769,9
3770,12
3771,7
3772,11
3773,11
3774,11
3775,10
3776,16
3777,10
3778,10
3779,19
3780,13
3781,18
3782,11
3783,17
3784,5
3785,9
3786,9
3787,11
3788,8
3789,18
3790,8
3791,10
3792,10
3793,12
3794,10
3795,6
3796,19
3797,7
3798,8
3799,13
3800,9
3801,10
3802,13
3803,11
3804,9
3805,10
3806,9
3807,12
3808,15
3809,13
3810,14
3811,6
3812,15
3813,11
3814,9
3815,18
3816,6
3817,18
3818,9
3819,13
3820,11
3821,7
3822,9
3823,10
3824,10
3825,13
3826,19
3827,10
3828,10
3829,12
3830,11
3831,12
3832,10
3833,6
3834,11
3835,11
3836,9
3837,8
3838,9
3839,11
3840,9
3841,6
3842,9
3843,8
3844,10
3845,6
3846,13
3847,10
3848,10
3849,14
3850,17
3851,13
3852,15
3853,7
3854,10
3855,12
3856,20
3857,12
3858,9
3859,10
3860,5
3861,14
3862,14
3863,18
3864,9
3865,11
3866,12
3867,12
3868,11
3869,18
3870,8
3871,13
3872,10
3873,10
3874,18
3875,8
3876,9
3877,6
3878,9
3879,10
3880,9
3881,17
3882,17
3883,6
3884,18
3885,16
3886,13
3887,13
3888,8
3889,15
3890,12
3891,14
3892,11
3893,14
3894,15
3895,11
3896,13
3897,14
3898,18
3899,15
3900,7
3901,12
3902,10
3903,8
3904,11
3905,6
3906,13
3907,9
3908,15
3909,12
3910,15
3911,9
3912,9
3913,15
3914,19
3915,10
3916,17
3917,9
3918,13
3919,15
3920,8
3921,18
3922,10
3923,9
3924,6
3925,12
3926,10
3927,14
3928,5
3929,11
3930,11
3931,9
3932,17
3933,13
3934,13
3935,11
3936,18
3937,6
3938,13
3939,6
3940,6
3941,17
3942,10
3943,13
3944,11
3945,12
3946,11
3947,12
3948,6
3949,10
3950,11
3951,8
3952,12
3953,17
3954,15
3955,15
3956,5
3957,7
3958,16
3959,17
3960,9
3961,6
3962,9
3963,10
3964,17
3965,8
3966,11
3967,7
3968,10
3969,12
3970,15
3971,7
3972,7
3973,11
3974,10
3975,13
3976,12
3977,17
3978,8
3979,10
3980,17
3981,9
3982,10
3983,7
3984,10
3985,6
3986,19
3987,10
3988,6
3989,11
3990,9
3991,13
3992,9
3993,9
3994,11
3995,14
3996,16
3997,6
3998,9
3999,11
4000,13
4001,13
4002,15
4003,17
4004,9
4005,9
4006,8
4007,12
4008,10
4009,8
4010,13
4011,11
4012,6
4013,20
4014,10
4015,10
4016,13
4017,8
4018,9
4019,14
4020,9
4021,8
4022,18
4023,7
4024,7
4025,13
4026,15
4027,16
4028,12
4029,7
4030,12
4031,14
4032,11
4033,12
4034,10
4035,10
4036,7
4037,16
4038,7
4039,7
4040,10
4041,12
4042,8
4043,17
4044,10
4045,14
4046,6
4047,11
4048,10
4049,7
4050,8
4051,17
4052,11
4053,11
4054,7
4055,15
4056,6
4057,8
4058,19
4059,9
4060,13
4061,19
4062,11
4063,6
4064,8
4065,7
4066,11
4067,16
4068,17
4069,18
4070,19
4071,10
4072,19
4073,14
4074,11
4075,17
4076,15
4077,5
4078,6
4079,14
4080,7
4081,8
4082,12
4083,13
4084,13
4085,12
4086,9
4087,5
4088,11
4089,9
4090,18
4091,16
4092,14
4093,15
4094,8
4095,10
4096,6
4097,20
4098,9
4099,12
4100,7
4101,18
4102,12
4103,18
4104,12
4105,16
4106,11
4107,12
4108,6
4109,12
4110,8
4111,15
4112,15
4113,8
4114,16
4115,20
4116,11
4117,17
4118,16
4119,6
4120,10
4121,10
4122,7
4123,8
4124,19
4125,5
4126,12
4127,18
4128,7
4129,18
4130,15
4131,15
4132,8
4133,18
4134,7
4135,10
4136,9
4137,8
4138,13
4139,12
4140,16
4141,19
4142,7
4143,12
4144,7
4145,11
4146,16
4147,10
4148,10
4149,8
4150,8
4151,8
4152,12
4153,14
4154,9
4155,15
4156,6
4157,9
4158,7
4159,10
4160,13
4161,15
4162,17
4163,12
4164,8
4165,8
4166,11
4167,14
4168,13
4169,11
4170,10
4171,12
4172,19
4173,13
4174,6
4175,15
4176,12
4177,15
4178,8
4179,15
4180,9
4181,14
4182,6
4183,15
4184,11
4185,9
4186,11
4187,15
4188,7
4189,19
4190,10
4191,12
4192,14
4193,9
4194,19
4195,16
4196,15
4197,11
4198,19
4199,8
4200,8
4201,7
4202,17
4203,15
4204,10
4205,14
4206,9
4207,9
4208,9
4209,8
4210,9
4211,7
4212,7
4213,7
4214,16
4215,15
4216,14
4217,13
4218,10
4219,11
4220,9
4221,7
4222,8
4223,10
4224,7
4225,17
4226,7
4227,13
4228,14
4229,10
4230,11
4231,14
4232,8
4233,10
4234,16
4235,11
4236,10
4237,9
4238,7
4239,15
4240,13
4241,11
4242,6
4243,9
4244,11
4245,11
4246,14
4247,9
4248,10
4249,11
4250,16
4251,13
4252,11
4253,17
4254,20
4255,17
4256,16
4257,12
4258,16
4259,10
4260,10
4261,6
4262,6
4263,6
4264,17
4265,11
4266,12
4267,12
4268,9
4269,13
4270,17
4271,13
4272,8
4273,16
4274,9
4275,16
4276,9
4277,15
4278,14
4279,7
4280,9
4281,16
4282,17
4283,9
4284,12
4285,15
4286,9
4287,13
4288,11
4289,15
4290,8
4291,18
4292,15
4293,13
4294,11
4295,12
4296,14
4297,10
4298,13
4299,7
4300,14
4301,5
4302,12
4303,15
4304,11
4305,11
4306,11
4307,9
4308,5
4309,9
4310,8
4311,10
4312,10
4313,10
4314,9
4315,11
4316,6
4317,14
4318,11
4319,7
4320,11
4321,6
4322,8
4323,8
4324,7
4325,7
4326,9
4327,10
4328,14
4329,12
4330,14
4331,17
4332,9
4333,7
4334,12
4335,11
4336,9
4337,8
4338,8
4339,17
4340,17
4341,15
4342,7
4343,15
4344,18
4345,12
4346,15
4347,9
4348,11
4349,12
4350,9
4351,9
4352,15
4353,12
4354,5
4355,8
4356,6
4357,10
4358,12
4359,8
4360,12
4361,7
4362,9
4363,11
4364,12
4365,11
4366,11
4367,10
4368,15
4369,15
4370,19
4371,11
4372,13
4373,7
4374,8
4375,6
4376,9
4377,8
4378,7
4379,14
4380,10
4381,6
4382,10
4383,11
4384,6
4385,14
4386,7
4387,10
4388,6
4389,17
4390,5
4391,20
4392,16
4393,12
4394,8
4395,12
4396,15
4397,8
4398,17
4399,13
4400,8
4401,17
4402,8
4403,8
4404,9
4405,14
4406,11
4407,11
4408,8
4409,12
4410,8
4411,14
4412,15
4413,11
4414,15
4415,10
4416,9
4417,15
4418,15
4419,8
4420,18
4421,5
4422,18
4423,10
4424,10
4425,15
4426,17
4427,12
4428,9
4429,8
