antecedent_id,consequent_id,co_count,ante_count,cons_count,support,confidence,lift,leverage,antecedent_name,consequent_name
68312cde419bc51ab2ee7649,68312802419bc51ab2ee6e77,5,12,24,0.001128668171557562,0.4166666666666667,76.90972222222223,0.0011139929375436307,Bột Giặt Surf Hương Nước Hoa Quyến Rũ Túi 5.3kg,Nước Xả Vải Lix Sạch Thơm Ngàn Hoa Túi 2.2L
68312802419bc51ab2ee6e77,68312cde419bc51ab2ee7649,5,24,12,0.001128668171557562,0.20833333333333334,76.90972222222223,0.0011139929375436307,Nước Xả Vải Lix Sạch Thơm Ngàn Hoa Túi 2.2L,Bột Giặt Surf Hương Nước Hoa Quyến Rũ Túi 5.3kg
6831396e419bc51ab2ee8a09,6831230f419bc51ab2ee65f9,7,18,44,0.001580135440180587,0.3888888888888889,39.1540404040404,0.0015397785466422758,Khăn Giấy Bếp Đa Năng Fairy 2 Lớp 100 Tờ,Giấy Vệ Sinh Gấu Trúc Silkwell Tre 3 Lớp 10 Cuộn Có Lõi
6831230f419bc51ab2ee65f9,6831396e419bc51ab2ee8a09,7,44,18,0.001580135440180587,0.1590909090909091,39.1540404040404,0.0015397785466422758,Giấy Vệ Sinh Gấu Trúc Silkwell Tre 3 Lớp 10 Cuộn Có Lõi,Khăn Giấy Bếp Đa Năng Fairy 2 Lớp 100 Tờ
68312772419bc51ab2ee6d81,68312309419bc51ab2ee65ef,5,13,45,0.001128668171557562,0.38461538461538464,37.863247863247864,0.001098859102466764,Nước Giặt OMO Matic Cửa Trước Giữ Màu Túi 4.1kg,Giấy Vệ Sinh E'mos Classic 2 Lớp Lốc 10 Cuộn
68312309419bc51ab2ee65ef,68312772419bc51ab2ee6d81,5,45,13,0.001128668171557562,0.1111111111111111,37.863247863247864,0.001098859102466764,Giấy Vệ Sinh E'mos Classic 2 Lớp Lốc 10 Cuộn,Nước Giặt OMO Matic Cửa Trước Giữ Màu Túi 4.1kg
6831277b419bc51ab2ee6d96,6831230a419bc51ab2ee65f1,5,15,40,0.001128668171557562,0.3333333333333333,36.916666666666664,0.0010980947673618717,Nước Giặt Ariel Chuyên Gia Cửa Trước Hương Downy Đam Mê Túi 3.05kg,Giấy Vệ Sinh Premier Deluxe 3 Lớp Lốc 10 Cuộn
6831230a419bc51ab2ee65f1,6831277b419bc51ab2ee6d96,5,40,15,0.001128668171557562,0.125,36.916666666666664,0.0010980947673618717,Giấy Vệ Sinh Premier Deluxe 3 Lớp Lốc 10 Cuộn,Nước Giặt Ariel Chuyên Gia Cửa Trước Hương Downy Đam Mê Túi 3.05kg
6831230e419bc51ab2ee65f8,68312cd6419bc51ab2ee763f,5,48,16,0.001128668171557562,0.10416666666666667,28.841145833333336,0.0010895342141870785,Giấy Vệ Sinh Silkwell 4 Lớp Lốc 10 Cuộn,Bột Giặt Lix Sạch Thơm 24 Giờ Ngát Hương Túi 5.5kg
68312cd6419bc51ab2ee763f,6831230e419bc51ab2ee65f8,5,16,48,0.001128668171557562,0.3125,28.841145833333332,0.0010895342141870785,Bột Giặt Lix Sạch Thơm 24 Giờ Ngát Hương Túi 5.5kg,Giấy Vệ Sinh Silkwell 4 Lớp Lốc 10 Cuộn
683127ec419bc51ab2ee6e4c,6831230d419bc51ab2ee65f6,6,21,44,0.0013544018058690745,0.2857142857142857,28.766233766233764,0.0013073187634077116,Nước Xả Vải Good Care Hương Hoa Hồng 3L,Giấy Vệ Sinh Pulppy Classic 2 Lớp Lốc 9 Cuộn
6831230d419bc51ab2ee65f6,683127ec419bc51ab2ee6e4c,6,44,21,0.0013544018058690745,0.13636363636363635,28.766233766233764,0.0013073187634077116,Giấy Vệ Sinh Pulppy Classic 2 Lớp Lốc 9 Cuộn,Nước Xả Vải Good Care Hương Hoa Hồng 3L
68313291419bc51ab2ee7f5e,68312305419bc51ab2ee65e5,6,25,40,0.0013544018058690745,0.24,26.580000000000002,0.001303446132209591,Gối Cao Su Non Nin House Supportive 60X40X12Cm,Giấy Vệ Sinh Fairy 2 Lớp Lốc 10 Cuộn
68312305419bc51ab2ee65e5,68313291419bc51ab2ee7f5e,6,40,25,0.0013544018058690745,0.15,26.58,0.001303446132209591,Giấy Vệ Sinh Fairy 2 Lớp Lốc 10 Cuộn,Gối Cao Su Non Nin House Supportive 60X40X12Cm
68312ca7419bc51ab2ee75ed,68312ef0419bc51ab2ee7994,5,22,38,0.001128668171557562,0.22727272727272727,26.49521531100478,0.0010860692283782337,Lăn Khử Mùi Nivea Ngọc Trai Mịn Mượt Quyến Rũ 50ml,Dầu Xả Rejoice Siêu Mượt Chai 320ml
68312ef0419bc51ab2ee7994,68312ca7419bc51ab2ee75ed,5,38,22,0.001128668171557562,0.13157894736842105,26.49521531100478,0.0010860692283782337,Dầu Xả Rejoice Siêu Mượt Chai 320ml,Lăn Khử Mùi Nivea Ngọc Trai Mịn Mượt Quyến Rũ 50ml
68312d45419bc51ab2ee76e4,68312d66419bc51ab2ee771b,16,50,54,0.0036117381489841984,0.32,26.251851851851853,0.0034741578301035925,Miến Ăn Liền Vị Udon Ottogi Ly 38.1G,Phở Trộn Long Triều Bò Tái Lăn Vifon Gói 90G
68312d66419bc51ab2ee771b,68312d45419bc51ab2ee76e4,16,54,50,0.0036117381489841984,0.2962962962962963,26.25185185185185,0.0034741578301035925,Phở Trộn Long Triều Bò Tái Lăn Vifon Gói 90G,Miến Ăn Liền Vị Udon Ottogi Ly 38.1G
68312304419bc51ab2ee65e0,68313993419bc51ab2ee8a44,5,44,20,0.001128668171557562,0.11363636363636363,25.170454545454547,0.0010838271787372163,Giấy Vệ Sinh Choice L Cực Đã 3 Lớp Lốc 10 + 2 Cuộn,Giò Thủ đặc biệt Le Gourmet 500G
68312801419bc51ab2ee6e76,68312302419bc51ab2ee65db,6,24,44,0.0013544018058690745,0.25,25.170454545454543,0.0013005926144846597,Nước Xả Vải Gift Hương Nước Hoa Luxury Túi 3.2kg,Lốc 12 Cuộn Giấy Vệ sinh Tre Choice L 3 Lớp
68313993419bc51ab2ee8a44,68312304419bc51ab2ee65e0,5,20,44,0.001128668171557562,0.25,25.170454545454543,0.0010838271787372163,Giò Thủ đặc biệt Le Gourmet 500G,Giấy Vệ Sinh Choice L Cực Đã 3 Lớp Lốc 10 + 2 Cuộn
68312302419bc51ab2ee65db,68312801419bc51ab2ee6e76,6,44,24,0.0013544018058690745,0.13636363636363635,25.170454545454543,0.0013005926144846597,Lốc 12 Cuộn Giấy Vệ sinh Tre Choice L 3 Lớp,Nước Xả Vải Gift Hương Nước Hoa Luxury Túi 3.2kg
68312952419bc51ab2ee70ac,68313965419bc51ab2ee89fb,5,21,42,0.001128668171557562,0.23809523809523808,25.113378684807255,0.0010837252673898973,Khăn Ướt Huggies Ca Cao & Bơ Hạt Mỡ 72 Miếng,Khăn Giấy Rút Paseo Baby 3 Lớp Gói 50 Tờ
68313965419bc51ab2ee89fb,68312952419bc51ab2ee70ac,5,42,21,0.001128668171557562,0.11904761904761904,25.113378684807255,0.0010837252673898973,Khăn Giấy Rút Paseo Baby 3 Lớp Gói 50 Tờ,Khăn Ướt Huggies Ca Cao & Bơ Hạt Mỡ 72 Miếng
68312301419bc51ab2ee65da,683127f0419bc51ab2ee6e52,6,41,27,0.0013544018058690745,0.14634146341463414,24.010840108401084,0.0012979938751280261,Giấy Vệ Sinh BLess You L'Amour Cao Cấp 3 Lớp Lốc 10 Cuộn,Nước Xả Vải Comfort Tím Thái Lan 500ml
683127f0419bc51ab2ee6e52,68312301419bc51ab2ee65da,6,27,41,0.0013544018058690745,0.2222222222222222,24.01084010840108,0.0012979938751280261,Nước Xả Vải Comfort Tím Thái Lan 500ml,Giấy Vệ Sinh BLess You L'Amour Cao Cấp 3 Lớp Lốc 10 Cuộn
68312d45419bc51ab2ee76e4,68312d4b419bc51ab2ee76ef,15,50,56,0.003386004514672686,0.3,23.732142857142854,0.003243328628426132,Miến Ăn Liền Vị Udon Ottogi Ly 38.1G,Miến Phú Hương Vị Gà Gói 53G
68312d4b419bc51ab2ee76ef,68312d45419bc51ab2ee76e4,15,56,50,0.003386004514672686,0.26785714285714285,23.732142857142854,0.003243328628426132,Miến Phú Hương Vị Gà Gói 53G,Miến Ăn Liền Vị Udon Ottogi Ly 38.1G
6831308d419bc51ab2ee7c41,6831297b419bc51ab2ee70f3,5,25,38,0.001128668171557562,0.2,23.315789473684212,0.0010802602815810525,Nước Súc Miệng Listerine Cho Răng Nhạy Cảm Không Cay Chai 750ml,Kem Hấp Dầu M-Pros Phục Hồi Tóc Khô Xơ Chiết Xuất Rong Biển 500ml
6831297b419bc51ab2ee70f3,6831308d419bc51ab2ee7c41,5,38,25,0.001128668171557562,0.13157894736842105,23.31578947368421,0.0010802602815810525,Kem Hấp Dầu M-Pros Phục Hồi Tóc Khô Xơ Chiết Xuất Rong Biển 500ml,Nước Súc Miệng Listerine Cho Răng Nhạy Cảm Không Cay Chai 750ml
6831398c419bc51ab2ee8a39,6831230e419bc51ab2ee65f8,5,20,48,0.001128668171557562,0.25,23.072916666666668,0.0010797507248444577,Chả Lụa Le Gourmet 200G,Giấy Vệ Sinh Silkwell 4 Lớp Lốc 10 Cuộn
6831230e419bc51ab2ee65f8,6831398c419bc51ab2ee8a39,5,48,20,0.001128668171557562,0.10416666666666667,23.072916666666668,0.0010797507248444577,Giấy Vệ Sinh Silkwell 4 Lớp Lốc 10 Cuộn,Chả Lụa Le Gourmet 200G
68313dcc419bc51ab2ee90f0,68312f05419bc51ab2ee79c0,5,25,39,0.001128668171557562,0.2,22.71794871794872,0.0010789863897395654,Bàn Chải Đánh Răng Oral Clean Carbon Slimsoft Bộ 2 Cái,Dầu Xả Kerasys Cân Bằng Độ Ẩm 600ml
68312f05419bc51ab2ee79c0,68313dcc419bc51ab2ee90f0,5,39,25,0.001128668171557562,0.1282051282051282,22.717948717948715,0.0010789863897395654,Dầu Xả Kerasys Cân Bằng Độ Ẩm 600ml,Bàn Chải Đánh Răng Oral Clean Carbon Slimsoft Bộ 2 Cái
68312d45419bc51ab2ee76e4,68312d45419bc51ab2ee76e5,13,50,51,0.002934537246049661,0.26,22.584313725490198,0.002804600278217978,Miến Ăn Liền Vị Udon Ottogi Ly 38.1G,Miến Ăn Liền Vị Lẩu Cay Ottogi Ly 38.1G
68312d45419bc51ab2ee76e5,68312d45419bc51ab2ee76e4,13,51,50,0.002934537246049661,0.2549019607843137,22.584313725490194,0.002804600278217978,Miến Ăn Liền Vị Lẩu Cay Ottogi Ly 38.1G,Miến Ăn Liền Vị Udon Ottogi Ly 38.1G
683127fd419bc51ab2ee6e6c,68312318419bc51ab2ee660a,5,24,41,0.001128668171557562,0.20833333333333334,22.510162601626018,0.0010785277886766302,Nước Xả Vải Downy Làn Gió Mát 3.5L,Băng Vệ Sinh Diana Sensi Cool Fresh Siêu Mỏng Cánh 23cm Gói 20 Miếng
68312318419bc51ab2ee660a,683127fd419bc51ab2ee6e6c,5,41,24,0.001128668171557562,0.12195121951219512,22.510162601626018,0.0010785277886766302,Băng Vệ Sinh Diana Sensi Cool Fresh Siêu Mỏng Cánh 23cm Gói 20 Miếng,Nước Xả Vải Downy Làn Gió Mát 3.5L
68312800419bc51ab2ee6e70,68312301419bc51ab2ee65d9,5,22,46,0.001128668171557562,0.22727272727272727,21.88735177865613,0.0010771010298141646,Nước Xả Vải Downy Làn Gió Mát 3L,Giấy Vệ Sinh BLess You Famille 3 Lớp Lốc 10 Cuộn
68312301419bc51ab2ee65d9,68312800419bc51ab2ee6e70,5,46,22,0.001128668171557562,0.10869565217391304,21.887351778656125,0.0010771010298141646,Giấy Vệ Sinh BLess You Famille 3 Lớp Lốc 10 Cuộn,Nước Xả Vải Downy Làn Gió Mát 3L
6831397a419bc51ab2ee8a21,68312307419bc51ab2ee65ea,5,22,47,0.001128668171557562,0.22727272727272727,21.421663442940037,0.001075980004993656,Khăn Giấy Ăn Lency 2 Lớp 100 Tờ 33x33cm,Lốc 2 Cây Giấy Vệ Sinh Elène Đỏ Không Lõi 3 Lớp 10 Cuộn
68312307419bc51ab2ee65ea,6831397a419bc51ab2ee8a21,5,47,22,0.001128668171557562,0.10638297872340426,21.421663442940037,0.001075980004993656,Lốc 2 Cây Giấy Vệ Sinh Elène Đỏ Không Lõi 3 Lớp 10 Cuộn,Khăn Giấy Ăn Lency 2 Lớp 100 Tờ 33x33cm
68313291419bc51ab2ee7f5e,6831230f419bc51ab2ee65fa,5,25,42,0.001128668171557562,0.2,21.0952380952381,0.0010751647142151041,Gối Cao Su Non Nin House Supportive 60X40X12Cm,Giấy Vệ Sinh Jumbo Premier Vinaroll 2 Lớp Cuộn 700g
6831230f419bc51ab2ee65fa,68313291419bc51ab2ee7f5e,5,42,25,0.001128668171557562,0.11904761904761904,21.095238095238095,0.0010751647142151041,Giấy Vệ Sinh Jumbo Premier Vinaroll 2 Lớp Cuộn 700g,Gối Cao Su Non Nin House Supportive 60X40X12Cm
683127f2419bc51ab2ee6e57,68313965419bc51ab2ee89fb,5,26,42,0.001128668171557562,0.19230769230769232,20.283882783882785,0.001073024575921406,Nước Xả Vải Blue Đậm Đặc Hương Hoa Hương Thảo Túi 3.2L,Khăn Giấy Rút Paseo Baby 3 Lớp Gói 50 Tờ
68313965419bc51ab2ee89fb,683127f2419bc51ab2ee6e57,5,42,26,0.001128668171557562,0.11904761904761904,20.283882783882785,0.001073024575921406,Khăn Giấy Rút Paseo Baby 3 Lớp Gói 50 Tờ,Nước Xả Vải Blue Đậm Đặc Hương Hoa Hương Thảo Túi 3.2L
68312801419bc51ab2ee6e74,68312311419bc51ab2ee6600,6,27,49,0.0013544018058690745,0.2222222222222222,20.090702947845806,0.0012869874496175776,Nước Xả Vải Gift Hương Nước Hoa Dreamy Túi 3.2kg,Giấy Vệ Sinh Cao Cấp Choice L 4 Lớp Lốc 10 Cuộn
68312311419bc51ab2ee6600,68312801419bc51ab2ee6e74,6,49,27,0.0013544018058690745,0.12244897959183673,20.090702947845806,0.0012869874496175776,Giấy Vệ Sinh Cao Cấp Choice L 4 Lớp Lốc 10 Cuộn,Nước Xả Vải Gift Hương Nước Hoa Dreamy Túi 3.2kg
68312309419bc51ab2ee65ec,683127eb419bc51ab2ee6e4a,5,48,23,0.001128668171557562,0.10416666666666667,20.063405797101453,0.0010724131078374921,Lốc 2 Cây Giấy Vệ Sinh Elène Xanh 3 Lớp 10 Cuộn,Nước Xả Vải Gift Mộng Mơ Túi 3.2kg
683127eb419bc51ab2ee6e4a,68312309419bc51ab2ee65ec,5,23,48,0.001128668171557562,0.21739130434782608,20.06340579710145,0.0010724131078374921,Nước Xả Vải Gift Mộng Mơ Túi 3.2kg,Lốc 2 Cây Giấy Vệ Sinh Elène Xanh 3 Lớp 10 Cuộn
683127e0419bc51ab2ee6e3a,68313957419bc51ab2ee89ea,6,26,51,0.0013544018058690745,0.23076923076923078,20.04524886877828,0.0012868345825965992,Nước Xả Vải Downy Hương Đam Mê Túi 2.5L,Khăn Bếp Đa Năng Bless You À La Vie 2 Lớp Lốc 2 Cuộn
68313957419bc51ab2ee89ea,683127e0419bc51ab2ee6e3a,6,51,26,0.0013544018058690745,0.11764705882352941,20.04524886877828,0.0012868345825965992,Khăn Bếp Đa Năng Bless You À La Vie 2 Lớp Lốc 2 Cuộn,Nước Xả Vải Downy Hương Đam Mê Túi 2.5L
68312d45419bc51ab2ee76e5,68312d66419bc51ab2ee771b,12,51,54,0.002708803611738149,0.23529411764705882,19.302832244008716,0.002568471686479931,Miến Ăn Liền Vị Lẩu Cay Ottogi Ly 38.1G,Phở Trộn Long Triều Bò Tái Lăn Vifon Gói 90G
68312d66419bc51ab2ee771b,68312d45419bc51ab2ee76e5,12,54,51,0.002708803611738149,0.2222222222222222,19.302832244008712,0.002568471686479931,Phở Trộn Long Triều Bò Tái Lăn Vifon Gói 90G,Miến Ăn Liền Vị Lẩu Cay Ottogi Ly 38.1G
68313291419bc51ab2ee7f5e,68312313419bc51ab2ee6605,5,25,46,0.001128668171557562,0.2,19.260869565217394,0.0010700691468491558,Gối Cao Su Non Nin House Supportive 60X40X12Cm,Giấy Vệ Sinh 3 Lớp Silkwell Không Lõi 10 Cuộn
68312313419bc51ab2ee6605,68313291419bc51ab2ee7f5e,5,46,25,0.001128668171557562,0.10869565217391304,19.26086956521739,0.0010700691468491558,Giấy Vệ Sinh 3 Lớp Silkwell Không Lõi 10 Cuộn,Gối Cao Su Non Nin House Supportive 60X40X12Cm
68313080419bc51ab2ee7c36,68312eed419bc51ab2ee798d,5,26,45,0.001128668171557562,0.19230769230769232,18.931623931623932,0.0010690500333759663,Nước Súc Miệng Listerine Cool Mint 750ml,Dầu Xả Cocoon Chiết Xuất Bưởi Cung Cấp Dưỡng Chất và Độ Ẩm Tuýp 310ml
68312361419bc51ab2ee6692,68312309419bc51ab2ee65ef,5,26,45,0.001128668171557562,0.19230769230769232,18.931623931623932,0.0010690500333759663,Băng Vệ Sinh Sofy Skin Comfort Mỏng Cánh 23cm Gói 8 Miếng,Giấy Vệ Sinh E'mos Classic 2 Lớp Lốc 10 Cuộn
68312eed419bc51ab2ee798d,68313080419bc51ab2ee7c36,5,45,26,0.001128668171557562,0.1111111111111111,18.931623931623932,0.0010690500333759663,Dầu Xả Cocoon Chiết Xuất Bưởi Cung Cấp Dưỡng Chất và Độ Ẩm Tuýp 310ml,Nước Súc Miệng Listerine Cool Mint 750ml
68312309419bc51ab2ee65ef,68312361419bc51ab2ee6692,5,45,26,0.001128668171557562,0.1111111111111111,18.931623931623932,0.0010690500333759663,Giấy Vệ Sinh E'mos Classic 2 Lớp Lốc 10 Cuộn,Băng Vệ Sinh Sofy Skin Comfort Mỏng Cánh 23cm Gói 8 Miếng
683127f9419bc51ab2ee6e67,68312307419bc51ab2ee65ea,5,25,47,0.001128668171557562,0.2,18.851063829787236,0.0010687952550076688,Nước Xả Vải Downy Huyền Bí Túi 3.5L,Lốc 2 Cây Giấy Vệ Sinh Elène Đỏ Không Lõi 3 Lớp 10 Cuộn
68312307419bc51ab2ee65ea,683127f9419bc51ab2ee6e67,5,47,25,0.001128668171557562,0.10638297872340426,18.851063829787233,0.0010687952550076688,Lốc 2 Cây Giấy Vệ Sinh Elène Đỏ Không Lõi 3 Lớp 10 Cuộn,Nước Xả Vải Downy Huyền Bí Túi 3.5L
68312a68419bc51ab2ee724b,68312a93419bc51ab2ee728e,11,50,52,0.0024830699774266367,0.22,18.742307692307694,0.0023505852259119793,Cháo Ăn Liền Vị Thịt Bò Dongwon Tô 288g,Cháo Ăn Liền Ottogi Gà Dinh Dưỡng Hộp 285G
68312a93419bc51ab2ee728e,68312a68419bc51ab2ee724b,11,52,50,0.0024830699774266367,0.21153846153846154,18.74230769230769,0.0023505852259119793,Cháo Ăn Liền Ottogi Gà Dinh Dưỡng Hộp 285G,Cháo Ăn Liền Vị Thịt Bò Dongwon Tô 288g
68312d45419bc51ab2ee76e5,68312d4b419bc51ab2ee76ef,12,51,56,0.002708803611738149,0.23529411764705882,18.61344537815126,0.0025632742077666636,Miến Ăn Liền Vị Lẩu Cay Ottogi Ly 38.1G,Miến Phú Hương Vị Gà Gói 53G
68312d4b419bc51ab2ee76ef,68312d45419bc51ab2ee76e5,12,56,51,0.002708803611738149,0.21428571428571427,18.61344537815126,0.0025632742077666636,Miến Phú Hương Vị Gà Gói 53G,Miến Ăn Liền Vị Lẩu Cay Ottogi Ly 38.1G
683127fe419bc51ab2ee6e6e,68312310419bc51ab2ee65ff,5,28,43,0.001128668171557562,0.17857142857142858,18.39700996677741,0.0010673175404715437,Nước Xả Vải Downy Làn Gió Mát 2.3L,Giấy Vệ Sinh Choice L Prime Cao Cấp 3 Lớp Lốc 6 Cuộn
68312310419bc51ab2ee65ff,683127fe419bc51ab2ee6e6e,5,43,28,0.001128668171557562,0.11627906976744186,18.397009966777407,0.0010673175404715437,Giấy Vệ Sinh Choice L Prime Cao Cấp 3 Lớp Lốc 6 Cuộn,Nước Xả Vải Downy Làn Gió Mát 2.3L
683127f2419bc51ab2ee6e58,68312309419bc51ab2ee65ee,5,28,45,0.001128668171557562,0.17857142857142858,17.57936507936508,0.0010644640227466125,Nước Xả Vải Comfort Thiên Nhiên Thanh Khiết Hương Hoa Linh Lan & Kiwi Tươi Túi 3L,Giấy Vệ Sinh E'mos Classic 2 Lớp Lốc 12 Cuộn
68312309419bc51ab2ee65ee,683127f2419bc51ab2ee6e58,5,45,28,0.001128668171557562,0.1111111111111111,17.57936507936508,0.0010644640227466125,Giấy Vệ Sinh E'mos Classic 2 Lớp Lốc 12 Cuộn,Nước Xả Vải Comfort Thiên Nhiên Thanh Khiết Hương Hoa Linh Lan & Kiwi Tươi Túi 3L
68312d45419bc51ab2ee76e5,68312d66419bc51ab2ee771a,10,51,51,0.002257336343115124,0.19607843137254902,17.0319108035371,0.002124800635926807,Miến Ăn Liền Vị Lẩu Cay Ottogi Ly 38.1G,Phở Trộn Long Triều Hải Sản Cay Vifon Gói 90G
68312d66419bc51ab2ee771a,68312d45419bc51ab2ee76e5,10,51,51,0.002257336343115124,0.19607843137254902,17.0319108035371,0.002124800635926807,Phở Trộn Long Triều Hải Sản Cay Vifon Gói 90G,Miến Ăn Liền Vị Lẩu Cay Ottogi Ly 38.1G
68312d66419bc51ab2ee771a,68312a89419bc51ab2ee727e,10,51,52,0.002257336343115124,0.19607843137254902,16.704374057315235,0.0021222018965701733,Phở Trộn Long Triều Hải Sản Cay Vifon Gói 90G,Cháo Ăn Liền Vị Rau Củ Dongwon 285g
68312a89419bc51ab2ee727e,68312d66419bc51ab2ee771a,10,52,51,0.002257336343115124,0.19230769230769232,16.704374057315235,0.0021222018965701733,Cháo Ăn Liền Vị Rau Củ Dongwon 285g,Phở Trộn Long Triều Hải Sản Cay Vifon Gói 90G
68312306419bc51ab2ee65e8,68312301419bc51ab2ee65da,6,39,41,0.0013544018058690745,0.15384615384615385,16.622889305816134,0.0012729236836875601,Giấy Vệ Sinh An An 2 Lớp Lốc 10 Cuộn,Giấy Vệ Sinh BLess You L'Amour Cao Cấp 3 Lớp Lốc 10 Cuộn
68312301419bc51ab2ee65da,68312306419bc51ab2ee65e8,6,41,39,0.0013544018058690745,0.14634146341463414,16.622889305816134,0.0012729236836875601,Giấy Vệ Sinh BLess You L'Amour Cao Cấp 3 Lớp Lốc 10 Cuộn,Giấy Vệ Sinh An An 2 Lớp Lốc 10 Cuộn
68312d4b419bc51ab2ee76ef,68312d66419bc51ab2ee771b,11,56,54,0.0024830699774266367,0.19642857142857142,16.11441798941799,0.002328980020280358,Miến Phú Hương Vị Gà Gói 53G,Phở Trộn Long Triều Bò Tái Lăn Vifon Gói 90G
68312d66419bc51ab2ee771b,68312d4b419bc51ab2ee76ef,11,54,56,0.0024830699774266367,0.2037037037037037,16.114417989417987,0.002328980020280358,Phở Trộn Long Triều Bò Tái Lăn Vifon Gói 90G,Miến Phú Hương Vị Gà Gói 53G
6831230e419bc51ab2ee65f8,68312313419bc51ab2ee6604,7,48,42,0.001580135440180587,0.14583333333333334,15.381944444444446,0.001477408802083068,Giấy Vệ Sinh Silkwell 4 Lớp Lốc 10 Cuộn,Giấy Vệ Sinh Pulppy Velvet Hương Hoa 2 Lớp 2 Cuộn
68312313419bc51ab2ee6604,6831230e419bc51ab2ee65f8,7,42,48,0.001580135440180587,0.16666666666666666,15.381944444444445,0.001477408802083068,Giấy Vệ Sinh Pulppy Velvet Hương Hoa 2 Lớp 2 Cuộn,Giấy Vệ Sinh Silkwell 4 Lớp Lốc 10 Cuộn
68312d4c419bc51ab2ee76f1,68312a6e419bc51ab2ee7257,8,48,49,0.0018058690744920992,0.16666666666666666,15.068027210884354,0.0016860213300449937,Miến Ăn Liền Ottogi Vị Lẩu Cay Tê Mala Hộp 44.7G,Cháo Gạo Lứt Bích Chi 50G
68312a6e419bc51ab2ee7257,68312d4c419bc51ab2ee76f1,8,49,48,0.0018058690744920992,0.16326530612244897,15.068027210884352,0.0016860213300449937,Cháo Gạo Lứt Bích Chi 50G,Miến Ăn Liền Ottogi Vị Lẩu Cay Tê Mala Hộp 44.7G
683127ff419bc51ab2ee6e6f,68313957419bc51ab2ee89ea,5,29,51,0.001128668171557562,0.1724137931034483,14.9763353617309,0.0010533047302151858,Nước Xả Vải Downy Hương Nắng Mai Túi 3.5L,Khăn Bếp Đa Năng Bless You À La Vie 2 Lớp Lốc 2 Cuộn
68313957419bc51ab2ee89ea,683127ff419bc51ab2ee6e6f,5,51,29,0.001128668171557562,0.09803921568627451,14.9763353617309,0.0010533047302151858,Khăn Bếp Đa Năng Bless You À La Vie 2 Lớp Lốc 2 Cuộn,Nước Xả Vải Downy Hương Nắng Mai Túi 3.5L
68312307419bc51ab2ee65e9,68313957419bc51ab2ee89ea,7,41,51,0.001580135440180587,0.17073170731707318,14.830224772835965,0.0014735871265586066,Giấy Vệ Sinh Bless You À La Vie Cao Cấp 2 Lớp Lốc 10 Cuộn,Khăn Bếp Đa Năng Bless You À La Vie 2 Lớp Lốc 2 Cuộn
68313957419bc51ab2ee89ea,68312307419bc51ab2ee65e9,7,51,41,0.001580135440180587,0.13725490196078433,14.830224772835964,0.0014735871265586066,Khăn Bếp Đa Năng Bless You À La Vie 2 Lớp Lốc 2 Cuộn,Giấy Vệ Sinh Bless You À La Vie Cao Cấp 2 Lớp Lốc 10 Cuộn
68312d45419bc51ab2ee76e4,68312d4c419bc51ab2ee76f1,8,50,48,0.0018058690744920992,0.16,14.766666666666667,0.0016835754577093386,Miến Ăn Liền Vị Udon Ottogi Ly 38.1G,Miến Ăn Liền Ottogi Vị Lẩu Cay Tê Mala Hộp 44.7G
68312d4c419bc51ab2ee76f1,68312d45419bc51ab2ee76e4,8,48,50,0.0018058690744920992,0.16666666666666666,14.766666666666666,0.0016835754577093386,Miến Ăn Liền Ottogi Vị Lẩu Cay Tê Mala Hộp 44.7G,Miến Ăn Liền Vị Udon Ottogi Ly 38.1G
68312318419bc51ab2ee660a,68312302419bc51ab2ee65db,6,41,44,0.0013544018058690745,0.14634146341463414,14.733924611973391,0.001262477770587366,Băng Vệ Sinh Diana Sensi Cool Fresh Siêu Mỏng Cánh 23cm Gói 20 Miếng,Lốc 12 Cuộn Giấy Vệ sinh Tre Choice L 3 Lớp
68312302419bc51ab2ee65db,68312318419bc51ab2ee660a,6,44,41,0.0013544018058690745,0.13636363636363635,14.733924611973391,0.001262477770587366,Lốc 12 Cuộn Giấy Vệ sinh Tre Choice L 3 Lớp,Băng Vệ Sinh Diana Sensi Cool Fresh Siêu Mỏng Cánh 23cm Gói 20 Miếng
68312d45419bc51ab2ee76e5,68312a6e419bc51ab2ee7257,8,51,49,0.0018058690744920992,0.1568627450980392,14.181672669067629,0.0016785308460170497,Miến Ăn Liền Vị Lẩu Cay Ottogi Ly 38.1G,Cháo Gạo Lứt Bích Chi 50G
68312d66419bc51ab2ee771a,68312a6e419bc51ab2ee7257,8,51,49,0.0018058690744920992,0.1568627450980392,14.181672669067629,0.0016785308460170497,Phở Trộn Long Triều Hải Sản Cay Vifon Gói 90G,Cháo Gạo Lứt Bích Chi 50G
68312a6e419bc51ab2ee7257,68312d45419bc51ab2ee76e5,8,49,51,0.0018058690744920992,0.16326530612244897,14.181672669067627,0.0016785308460170497,Cháo Gạo Lứt Bích Chi 50G,Miến Ăn Liền Vị Lẩu Cay Ottogi Ly 38.1G
68312a6e419bc51ab2ee7257,68312d66419bc51ab2ee771a,8,49,51,0.0018058690744920992,0.16326530612244897,14.181672669067627,0.0016785308460170497,Cháo Gạo Lứt Bích Chi 50G,Phở Trộn Long Triều Hải Sản Cay Vifon Gói 90G
68312a6e419bc51ab2ee7257,68312a85419bc51ab2ee7277,10,49,64,0.002257336343115124,0.20408163265306123,14.126275510204083,0.0020975393505189835,Cháo Gạo Lứt Bích Chi 50G,Cháo Ăn Liền Vifon Vị Cá Gói 50g
68312a85419bc51ab2ee7277,68312a6e419bc51ab2ee7257,10,64,49,0.002257336343115124,0.15625,14.126275510204083,0.0020975393505189835,Cháo Ăn Liền Vifon Vị Cá Gói 50g,Cháo Gạo Lứt Bích Chi 50G
68312a7f419bc51ab2ee726f,68312d4b419bc51ab2ee76ef,8,45,56,0.0018058690744920992,0.17777777777777778,14.063492063492063,0.0016774607768702005,Cháo Tươi Ottogi Nếp Cẩm Đậu Đỏ Gói 220G,Miến Phú Hương Vị Gà Gói 53G
68312d4b419bc51ab2ee76ef,68312a7f419bc51ab2ee726f,8,56,45,0.0018058690744920992,0.14285714285714285,14.063492063492063,0.0016774607768702005,Miến Phú Hương Vị Gà Gói 53G,Cháo Tươi Ottogi Nếp Cẩm Đậu Đỏ Gói 220G
68312a93419bc51ab2ee728e,68312a6e419bc51ab2ee7257,8,52,49,0.0018058690744920992,0.15384615384615385,13.908948194662482,0.001676034018007735,Cháo Ăn Liền Ottogi Gà Dinh Dưỡng Hộp 285G,Cháo Gạo Lứt Bích Chi 50G
68312a6e419bc51ab2ee7257,68312a93419bc51ab2ee728e,8,49,52,0.0018058690744920992,0.16326530612244897,13.90894819466248,0.001676034018007735,Cháo Gạo Lứt Bích Chi 50G,Cháo Ăn Liền Ottogi Gà Dinh Dưỡng Hộp 285G
68312d45419bc51ab2ee76e4,68312d66419bc51ab2ee771a,8,50,51,0.0018058690744920992,0.16,13.898039215686275,0.001675932106660416,Miến Ăn Liền Vị Udon Ottogi Ly 38.1G,Phở Trộn Long Triều Hải Sản Cay Vifon Gói 90G
68312d45419bc51ab2ee76e4,68312a93419bc51ab2ee728f,8,50,51,0.0018058690744920992,0.16,13.898039215686275,0.001675932106660416,Miến Ăn Liền Vị Udon Ottogi Ly 38.1G,Cháo Ăn Liền Ottogi Bào Ngư Hộp 285G
68312d66419bc51ab2ee771a,68312d45419bc51ab2ee76e4,8,51,50,0.0018058690744920992,0.1568627450980392,13.898039215686273,0.001675932106660416,Phở Trộn Long Triều Hải Sản Cay Vifon Gói 90G,Miến Ăn Liền Vị Udon Ottogi Ly 38.1G
68312a93419bc51ab2ee728f,68312d45419bc51ab2ee76e4,8,51,50,0.0018058690744920992,0.1568627450980392,13.898039215686273,0.001675932106660416,Cháo Ăn Liền Ottogi Bào Ngư Hộp 285G,Miến Ăn Liền Vị Udon Ottogi Ly 38.1G
68312d45419bc51ab2ee76e5,68312a89419bc51ab2ee727e,8,51,52,0.0018058690744920992,0.1568627450980392,13.363499245852188,0.0016707346279471486,Miến Ăn Liền Vị Lẩu Cay Ottogi Ly 38.1G,Cháo Ăn Liền Vị Rau Củ Dongwon 285g
68312a89419bc51ab2ee727e,68312d45419bc51ab2ee76e5,8,52,51,0.0018058690744920992,0.15384615384615385,13.363499245852188,0.0016707346279471486,Cháo Ăn Liền Vị Rau Củ Dongwon 285g,Miến Ăn Liền Vị Lẩu Cay Ottogi Ly 38.1G
6831230e419bc51ab2ee65f8,68312300419bc51ab2ee65d8,6,48,42,0.0013544018058690745,0.125,13.18452380952381,0.0012516751677715556,Giấy Vệ Sinh Silkwell 4 Lớp Lốc 10 Cuộn,Lốc 10 Cuộn Giấy Vệ Sinh Bless You Silk Không Lõi
68312300419bc51ab2ee65d8,6831230e419bc51ab2ee65f8,6,42,48,0.0013544018058690745,0.14285714285714285,13.184523809523808,0.0012516751677715556,Lốc 10 Cuộn Giấy Vệ Sinh Bless You Silk Không Lõi,Giấy Vệ Sinh Silkwell 4 Lớp Lốc 10 Cuộn
68312a68419bc51ab2ee724b,68312d66419bc51ab2ee771b,8,50,54,0.0018058690744920992,0.16,13.125925925925927,0.0016682887556114935,Cháo Ăn Liền Vị Thịt Bò Dongwon Tô 288g,Phở Trộn Long Triều Bò Tái Lăn Vifon Gói 90G
68312d66419bc51ab2ee771b,68312a68419bc51ab2ee724b,8,54,50,0.0018058690744920992,0.14814814814814814,13.125925925925925,0.0016682887556114935,Phở Trộn Long Triều Bò Tái Lăn Vifon Gói 90G,Cháo Ăn Liền Vị Thịt Bò Dongwon Tô 288g
6831397a419bc51ab2ee8a22,68312307419bc51ab2ee65ea,7,51,47,0.001580135440180587,0.13725490196078433,12.937004589069671,0.0014579946904188048,Khăn Giấy Rút Paseo 2 Lớp Gói 220 Tờ,Lốc 2 Cây Giấy Vệ Sinh Elène Đỏ Không Lõi 3 Lớp 10 Cuộn
68312307419bc51ab2ee65ea,6831397a419bc51ab2ee8a22,7,47,51,0.001580135440180587,0.14893617021276595,12.93700458906967,0.0014579946904188048,Lốc 2 Cây Giấy Vệ Sinh Elène Đỏ Không Lõi 3 Lớp 10 Cuộn,Khăn Giấy Rút Paseo 2 Lớp Gói 220 Tờ
68312d4c419bc51ab2ee76f1,68312a68419bc51ab2ee724b,7,48,50,0.001580135440180587,0.14583333333333334,12.920833333333334,0.0014578418233978264,Miến Ăn Liền Ottogi Vị Lẩu Cay Tê Mala Hộp 44.7G,Cháo Ăn Liền Vị Thịt Bò Dongwon Tô 288g
68312a68419bc51ab2ee724b,68312d4c419bc51ab2ee76f1,7,50,48,0.001580135440180587,0.14,12.920833333333334,0.0014578418233978264,Cháo Ăn Liền Vị Thịt Bò Dongwon Tô 288g,Miến Ăn Liền Ottogi Vị Lẩu Cay Tê Mala Hộp 44.7G
68312304419bc51ab2ee65e3,68312306419bc51ab2ee65e8,5,44,39,0.001128668171557562,0.11363636363636363,12.907925407925408,0.001041228235557888,Giấy Vệ Sinh Không Lõi Homelux 3 Lớp x Lốc 10 Cuộn,Giấy Vệ Sinh An An 2 Lớp Lốc 10 Cuộn
68312304419bc51ab2ee65e0,68312306419bc51ab2ee65e8,5,44,39,0.001128668171557562,0.11363636363636363,12.907925407925408,0.001041228235557888,Giấy Vệ Sinh Choice L Cực Đã 3 Lớp Lốc 10 + 2 Cuộn,Giấy Vệ Sinh An An 2 Lớp Lốc 10 Cuộn
68312306419bc51ab2ee65e8,68312304419bc51ab2ee65e3,5,39,44,0.001128668171557562,0.1282051282051282,12.907925407925406,0.001041228235557888,Giấy Vệ Sinh An An 2 Lớp Lốc 10 Cuộn,Giấy Vệ Sinh Không Lõi Homelux 3 Lớp x Lốc 10 Cuộn
68312306419bc51ab2ee65e8,68312304419bc51ab2ee65e0,5,39,44,0.001128668171557562,0.1282051282051282,12.907925407925406,0.001041228235557888,Giấy Vệ Sinh An An 2 Lớp Lốc 10 Cuộn,Giấy Vệ Sinh Choice L Cực Đã 3 Lớp Lốc 10 + 2 Cuộn
68312304419bc51ab2ee65e3,6831230d419bc51ab2ee65f5,6,44,47,0.0013544018058690745,0.13636363636363635,12.852998065764021,0.0012490254727412623,Giấy Vệ Sinh Không Lõi Homelux 3 Lớp x Lốc 10 Cuộn,Giấy Vệ Sinh Silkwell 3 Lớp Lốc 15 Cuộn
6831230d419bc51ab2ee65f5,68312304419bc51ab2ee65e3,6,47,44,0.0013544018058690745,0.1276595744680851,12.852998065764021,0.0012490254727412623,Giấy Vệ Sinh Silkwell 3 Lớp Lốc 15 Cuộn,Giấy Vệ Sinh Không Lõi Homelux 3 Lớp x Lốc 10 Cuộn
68312309419bc51ab2ee65ee,68312313419bc51ab2ee6605,6,45,46,0.0013544018058690745,0.13333333333333333,12.840579710144928,0.0012489235613939434,Giấy Vệ Sinh E'mos Classic 2 Lớp Lốc 12 Cuộn,Giấy Vệ Sinh 3 Lớp Silkwell Không Lõi 10 Cuộn
68312313419bc51ab2ee6605,68312309419bc51ab2ee65ee,6,46,45,0.0013544018058690745,0.13043478260869565,12.840579710144928,0.0012489235613939434,Giấy Vệ Sinh 3 Lớp Silkwell Không Lõi 10 Cuộn,Giấy Vệ Sinh E'mos Classic 2 Lớp Lốc 12 Cuộn
68312d4c419bc51ab2ee76f1,68312d66419bc51ab2ee771a,7,48,51,0.001580135440180587,0.14583333333333334,12.66748366013072,0.001455395951062171,Miến Ăn Liền Ottogi Vị Lẩu Cay Tê Mala Hộp 44.7G,Phở Trộn Long Triều Hải Sản Cay Vifon Gói 90G
68312d4c419bc51ab2ee76f1,68312d45419bc51ab2ee76e5,7,48,51,0.001580135440180587,0.14583333333333334,12.66748366013072,0.001455395951062171,Miến Ăn Liền Ottogi Vị Lẩu Cay Tê Mala Hộp 44.7G,Miến Ăn Liền Vị Lẩu Cay Ottogi Ly 38.1G
68312d66419bc51ab2ee771a,68312d4c419bc51ab2ee76f1,7,51,48,0.001580135440180587,0.13725490196078433,12.66748366013072,0.001455395951062171,Phở Trộn Long Triều Hải Sản Cay Vifon Gói 90G,Miến Ăn Liền Ottogi Vị Lẩu Cay Tê Mala Hộp 44.7G
68312d45419bc51ab2ee76e5,68312d4c419bc51ab2ee76f1,7,51,48,0.001580135440180587,0.13725490196078433,12.66748366013072,0.001455395951062171,Miến Ăn Liền Vị Lẩu Cay Ottogi Ly 38.1G,Miến Ăn Liền Ottogi Vị Lẩu Cay Tê Mala Hộp 44.7G
68312a68419bc51ab2ee724b,68312a6e419bc51ab2ee7257,7,50,49,0.001580135440180587,0.14,12.65714285714286,0.001455294039714852,Cháo Ăn Liền Vị Thịt Bò Dongwon Tô 288g,Cháo Gạo Lứt Bích Chi 50G
68312a6e419bc51ab2ee7257,68312a68419bc51ab2ee724b,7,49,50,0.001580135440180587,0.14285714285714285,12.657142857142857,0.001455294039714852,Cháo Gạo Lứt Bích Chi 50G,Cháo Ăn Liền Vị Thịt Bò Dongwon Tô 288g
68312a93419bc51ab2ee728e,68312d66419bc51ab2ee771b,8,52,54,0.0018058690744920992,0.15384615384615385,12.621082621082621,0.0016627855428562692,Cháo Ăn Liền Ottogi Gà Dinh Dưỡng Hộp 285G,Phở Trộn Long Triều Bò Tái Lăn Vifon Gói 90G
68312d66419bc51ab2ee771b,68312a93419bc51ab2ee728e,8,54,52,0.0018058690744920992,0.14814814814814814,12.621082621082621,0.0016627855428562692,Phở Trộn Long Triều Bò Tái Lăn Vifon Gói 90G,Cháo Ăn Liền Ottogi Gà Dinh Dưỡng Hộp 285G
68312302419bc51ab2ee65db,68312305419bc51ab2ee65e5,5,44,40,0.001128668171557562,0.11363636363636363,12.585227272727273,0.0010389861859168709,Lốc 12 Cuộn Giấy Vệ sinh Tre Choice L 3 Lớp,Giấy Vệ Sinh Fairy 2 Lớp Lốc 10 Cuộn
68312305419bc51ab2ee65e5,68312302419bc51ab2ee65db,5,40,44,0.001128668171557562,0.125,12.585227272727272,0.0010389861859168709,Giấy Vệ Sinh Fairy 2 Lớp Lốc 10 Cuộn,Lốc 12 Cuộn Giấy Vệ sinh Tre Choice L 3 Lớp
6831230f419bc51ab2ee65fc,6831230f419bc51ab2ee65fe,6,45,47,0.0013544018058690745,0.13333333333333333,12.567375886524822,0.0012466305560792667,Giấy Vệ Sinh Lency Cao Cấp Không Lõi 3 Lớp Lốc 10 Cuộn,Giấy Vệ Sinh Elène Gấu Trúc 3 Lớp Lốc 3 Cuộn
6831230f419bc51ab2ee65fe,6831230f419bc51ab2ee65fc,6,47,45,0.0013544018058690745,0.1276595744680851,12.567375886524822,0.0012466305560792667,Giấy Vệ Sinh Elène Gấu Trúc 3 Lớp Lốc 3 Cuộn,Giấy Vệ Sinh Lency Cao Cấp Không Lõi 3 Lớp Lốc 10 Cuộn
68312a68419bc51ab2ee724b,68312a85419bc51ab2ee7277,9,50,64,0.0020316027088036117,0.18,12.459375,0.001868544553093264,Cháo Ăn Liền Vị Thịt Bò Dongwon Tô 288g,Cháo Ăn Liền Vifon Vị Cá Gói 50g
68312a85419bc51ab2ee7277,68312a68419bc51ab2ee724b,9,64,50,0.0020316027088036117,0.140625,12.459375,0.001868544553093264,Cháo Ăn Liền Vifon Vị Cá Gói 50g,Cháo Ăn Liền Vị Thịt Bò Dongwon Tô 288g
68312d4c419bc51ab2ee76f1,68312a89419bc51ab2ee727e,7,48,52,0.001580135440180587,0.14583333333333334,12.423878205128206,0.001452950078726516,Miến Ăn Liền Ottogi Vị Lẩu Cay Tê Mala Hộp 44.7G,Cháo Ăn Liền Vị Rau Củ Dongwon 285g
68312a89419bc51ab2ee727e,68312d4c419bc51ab2ee76f1,7,52,48,0.001580135440180587,0.1346153846153846,12.423878205128204,0.001452950078726516,Cháo Ăn Liền Vị Rau Củ Dongwon 285g,Miến Ăn Liền Ottogi Vị Lẩu Cay Tê Mala Hộp 44.7G
68312d66419bc51ab2ee771a,68312d4b419bc51ab2ee76ef,8,51,56,0.0018058690744920992,0.1568627450980392,12.408963585434174,0.0016603396705206141,Phở Trộn Long Triều Hải Sản Cay Vifon Gói 90G,Miến Phú Hương Vị Gà Gói 53G
68312d4b419bc51ab2ee76ef,68312d66419bc51ab2ee771a,8,56,51,0.0018058690744920992,0.14285714285714285,12.408963585434174,0.0016603396705206141,Miến Phú Hương Vị Gà Gói 53G,Phở Trộn Long Triều Hải Sản Cay Vifon Gói 90G
68312a68419bc51ab2ee724b,68312d45419bc51ab2ee76e4,7,50,50,0.001580135440180587,0.14,12.404,0.001452746256031878,Cháo Ăn Liền Vị Thịt Bò Dongwon Tô 288g,Miến Ăn Liền Vị Udon Ottogi Ly 38.1G
68312d45419bc51ab2ee76e4,68312a68419bc51ab2ee724b,7,50,50,0.001580135440180587,0.14,12.404,0.001452746256031878,Miến Ăn Liền Vị Udon Ottogi Ly 38.1G,Cháo Ăn Liền Vị Thịt Bò Dongwon Tô 288g
68312a8d419bc51ab2ee7284,68312d66419bc51ab2ee771b,7,47,54,0.001580135440180587,0.14893617021276595,12.218282111899132,0.0014508099404328175,Cháo Ăn Liền Ottogi Thịt Bò Nấm Bào Ngư Nhật Hộp 285G,Phở Trộn Long Triều Bò Tái Lăn Vifon Gói 90G
68312d66419bc51ab2ee771b,68312a8d419bc51ab2ee7284,7,54,47,0.001580135440180587,0.12962962962962962,12.218282111899132,0.0014508099404328175,Phở Trộn Long Triều Bò Tái Lăn Vifon Gói 90G,Cháo Ăn Liền Ottogi Thịt Bò Nấm Bào Ngư Nhật Hộp 285G
68312a89419bc51ab2ee727e,68312a6e419bc51ab2ee7257,7,52,49,0.001580135440180587,0.1346153846153846,12.170329670329672,0.0014503003836962227,Cháo Ăn Liền Vị Rau Củ Dongwon 285g,Cháo Gạo Lứt Bích Chi 50G
68312a6e419bc51ab2ee7257,68312a89419bc51ab2ee727e,7,49,52,0.001580135440180587,0.14285714285714285,12.17032967032967,0.0014503003836962227,Cháo Gạo Lứt Bích Chi 50G,Cháo Ăn Liền Vị Rau Củ Dongwon 285g
68312a68419bc51ab2ee724b,68312d66419bc51ab2ee771a,7,50,51,0.001580135440180587,0.14,12.160784313725491,0.0014501984723489037,Cháo Ăn Liền Vị Thịt Bò Dongwon Tô 288g,Phở Trộn Long Triều Hải Sản Cay Vifon Gói 90G
68312a68419bc51ab2ee724b,68312d45419bc51ab2ee76e5,7,50,51,0.001580135440180587,0.14,12.160784313725491,0.0014501984723489037,Cháo Ăn Liền Vị Thịt Bò Dongwon Tô 288g,Miến Ăn Liền Vị Lẩu Cay Ottogi Ly 38.1G
68312d66419bc51ab2ee771a,68312a68419bc51ab2ee724b,7,51,50,0.001580135440180587,0.13725490196078433,12.160784313725491,0.0014501984723489037,Phở Trộn Long Triều Hải Sản Cay Vifon Gói 90G,Cháo Ăn Liền Vị Thịt Bò Dongwon Tô 288g
68312d45419bc51ab2ee76e5,68312a68419bc51ab2ee724b,7,51,50,0.001580135440180587,0.13725490196078433,12.160784313725491,0.0014501984723489037,Miến Ăn Liền Vị Lẩu Cay Ottogi Ly 38.1G,Cháo Ăn Liền Vị Thịt Bò Dongwon Tô 288g
68312319419bc51ab2ee660c,68312303419bc51ab2ee65dc,5,40,46,0.001128668171557562,0.125,12.038043478260871,0.0010349097320241122,Băng Vệ Sinh Molped Tự Nhiên Siêu Ban Đêm Cánh 29Cm 4 Miếng,Giấy Vệ Sinh Không Lõi Choice L 3 Lớp Lốc 12 Cuộn
68312303419bc51ab2ee65dc,68312319419bc51ab2ee660c,5,46,40,0.001128668171557562,0.10869565217391304,12.038043478260871,0.0010349097320241122,Giấy Vệ Sinh Không Lõi Choice L 3 Lớp Lốc 12 Cuộn,Băng Vệ Sinh Molped Tự Nhiên Siêu Ban Đêm Cánh 29Cm 4 Miếng
6831230f419bc51ab2ee65f9,68312300419bc51ab2ee65d8,5,44,42,0.001128668171557562,0.11363636363636363,11.985930735930737,0.0010345020866348363,Giấy Vệ Sinh Gấu Trúc Silkwell Tre 3 Lớp 10 Cuộn Có Lõi,Lốc 10 Cuộn Giấy Vệ Sinh Bless You Silk Không Lõi
6831230d419bc51ab2ee65f6,68312313419bc51ab2ee6604,5,44,42,0.001128668171557562,0.11363636363636363,11.985930735930737,0.0010345020866348363,Giấy Vệ Sinh Pulppy Classic 2 Lớp Lốc 9 Cuộn,Giấy Vệ Sinh Pulppy Velvet Hương Hoa 2 Lớp 2 Cuộn
68312300419bc51ab2ee65d8,6831230f419bc51ab2ee65f9,5,42,44,0.001128668171557562,0.11904761904761904,11.985930735930735,0.0010345020866348363,Lốc 10 Cuộn Giấy Vệ Sinh Bless You Silk Không Lõi,Giấy Vệ Sinh Gấu Trúc Silkwell Tre 3 Lớp 10 Cuộn Có Lõi
68312313419bc51ab2ee6604,6831230d419bc51ab2ee65f6,5,42,44,0.001128668171557562,0.11904761904761904,11.985930735930735,0.0010345020866348363,Giấy Vệ Sinh Pulppy Velvet Hương Hoa 2 Lớp 2 Cuộn,Giấy Vệ Sinh Pulppy Classic 2 Lớp Lốc 9 Cuộn
68312a68419bc51ab2ee724b,68312a89419bc51ab2ee727e,7,50,52,0.001580135440180587,0.14,11.926923076923078,0.0014476506886659296,Cháo Ăn Liền Vị Thịt Bò Dongwon Tô 288g,Cháo Ăn Liền Vị Rau Củ Dongwon 285g
68312a89419bc51ab2ee727e,68312a68419bc51ab2ee724b,7,52,50,0.001580135440180587,0.1346153846153846,11.926923076923076,0.0014476506886659296,Cháo Ăn Liền Vị Rau Củ Dongwon 285g,Cháo Ăn Liền Vị Thịt Bò Dongwon Tô 288g
68312a93419bc51ab2ee728f,68312d45419bc51ab2ee76e5,7,51,51,0.001580135440180587,0.13725490196078433,11.922337562475972,0.0014475997329922701,Cháo Ăn Liền Ottogi Bào Ngư Hộp 285G,Miến Ăn Liền Vị Lẩu Cay Ottogi Ly 38.1G
68312d45419bc51ab2ee76e5,68312a93419bc51ab2ee728f,7,51,51,0.001580135440180587,0.13725490196078433,11.922337562475972,0.0014475997329922701,Miến Ăn Liền Vị Lẩu Cay Ottogi Ly 38.1G,Cháo Ăn Liền Ottogi Bào Ngư Hộp 285G
68312308419bc51ab2ee65eb,6831230e419bc51ab2ee65f8,6,47,48,0.0013544018058690745,0.1276595744680851,11.78191489361702,0.0012394458060932794,Giấy Vệ Sinh Bless You À La Vie Lốc 9 Cuộn,Giấy Vệ Sinh Silkwell 4 Lớp Lốc 10 Cuộn
6831230e419bc51ab2ee65f8,68312308419bc51ab2ee65eb,6,48,47,0.0013544018058690745,0.125,11.78191489361702,0.0012394458060932794,Giấy Vệ Sinh Silkwell 4 Lớp Lốc 10 Cuộn,Giấy Vệ Sinh Bless You À La Vie Lốc 9 Cuộn
68312313419bc51ab2ee6604,68312309419bc51ab2ee65ee,5,42,45,0.001128668171557562,0.11904761904761904,11.71957671957672,0.001032361948341138,Giấy Vệ Sinh Pulppy Velvet Hương Hoa 2 Lớp 2 Cuộn,Giấy Vệ Sinh E'mos Classic 2 Lớp Lốc 12 Cuộn
68312309419bc51ab2ee65ee,68312313419bc51ab2ee6604,5,45,42,0.001128668171557562,0.1111111111111111,11.71957671957672,0.001032361948341138,Giấy Vệ Sinh E'mos Classic 2 Lớp Lốc 12 Cuộn,Giấy Vệ Sinh Pulppy Velvet Hương Hoa 2 Lớp 2 Cuộn
68312304419bc51ab2ee65e3,6831397a419bc51ab2ee8a23,5,44,43,0.001128668171557562,0.11363636363636363,11.707188160676534,0.001032260036993819,Giấy Vệ Sinh Không Lõi Homelux 3 Lớp x Lốc 10 Cuộn,Lốc 10 Cuộn Khăn Giấy Vệ Sinh Paseo 3 Lớp (Giao Mẫu Ngẫu Nhiên)
6831397a419bc51ab2ee8a23,68312304419bc51ab2ee65e3,5,43,44,0.001128668171557562,0.11627906976744186,11.707188160676532,0.001032260036993819,Lốc 10 Cuộn Khăn Giấy Vệ Sinh Paseo 3 Lớp (Giao Mẫu Ngẫu Nhiên),Giấy Vệ Sinh Không Lõi Homelux 3 Lớp x Lốc 10 Cuộn
68312d66419bc51ab2ee771a,68312a93419bc51ab2ee728e,7,51,52,0.001580135440180587,0.13725490196078433,11.693061840120665,0.0014450009936356363,Phở Trộn Long Triều Hải Sản Cay Vifon Gói 90G,Cháo Ăn Liền Ottogi Gà Dinh Dưỡng Hộp 285G
68312a93419bc51ab2ee728e,68312d66419bc51ab2ee771a,7,52,51,0.001580135440180587,0.1346153846153846,11.693061840120663,0.0014450009936356363,Cháo Ăn Liền Ottogi Gà Dinh Dưỡng Hộp 285G,Phở Trộn Long Triều Hải Sản Cay Vifon Gói 90G
68312d66419bc51ab2ee771b,68312a85419bc51ab2ee7277,9,54,64,0.0020316027088036117,0.16666666666666666,11.536458333333334,0.0018554999006364363,Phở Trộn Long Triều Bò Tái Lăn Vifon Gói 90G,Cháo Ăn Liền Vifon Vị Cá Gói 50g
68312a85419bc51ab2ee7277,68312d66419bc51ab2ee771b,9,64,54,0.0020316027088036117,0.140625,11.536458333333334,0.0018554999006364363,Cháo Ăn Liền Vifon Vị Cá Gói 50g,Phở Trộn Long Triều Bò Tái Lăn Vifon Gói 90G
68312307419bc51ab2ee65e9,6831230d419bc51ab2ee65f5,5,41,47,0.001128668171557562,0.12195121951219512,11.494551115723922,0.0010304765884157371,Giấy Vệ Sinh Bless You À La Vie Cao Cấp 2 Lớp Lốc 10 Cuộn,Giấy Vệ Sinh Silkwell 3 Lớp Lốc 15 Cuộn
6831230d419bc51ab2ee65f5,68312307419bc51ab2ee65e9,5,47,41,0.001128668171557562,0.10638297872340426,11.494551115723922,0.0010304765884157371,Giấy Vệ Sinh Silkwell 3 Lớp Lốc 15 Cuộn,Giấy Vệ Sinh Bless You À La Vie Cao Cấp 2 Lớp Lốc 10 Cuộn
68312a8d419bc51ab2ee7284,68312d45419bc51ab2ee76e4,6,47,50,0.0013544018058690745,0.1276595744680851,11.31063829787234,0.001234655972769288,Cháo Ăn Liền Ottogi Thịt Bò Nấm Bào Ngư Nhật Hộp 285G,Miến Ăn Liền Vị Udon Ottogi Ly 38.1G
68312a8d419bc51ab2ee7284,68312a68419bc51ab2ee724b,6,47,50,0.0013544018058690745,0.1276595744680851,11.31063829787234,0.001234655972769288,Cháo Ăn Liền Ottogi Thịt Bò Nấm Bào Ngư Nhật Hộp 285G,Cháo Ăn Liền Vị Thịt Bò Dongwon Tô 288g
68312d45419bc51ab2ee76e4,68312a8d419bc51ab2ee7284,6,50,47,0.0013544018058690745,0.12,11.31063829787234,0.001234655972769288,Miến Ăn Liền Vị Udon Ottogi Ly 38.1G,Cháo Ăn Liền Ottogi Thịt Bò Nấm Bào Ngư Nhật Hộp 285G
68312a68419bc51ab2ee724b,68312a8d419bc51ab2ee7284,6,50,47,0.0013544018058690745,0.12,11.31063829787234,0.001234655972769288,Cháo Ăn Liền Vị Thịt Bò Dongwon Tô 288g,Cháo Ăn Liền Ottogi Thịt Bò Nấm Bào Ngư Nhật Hộp 285G
68312304419bc51ab2ee65e0,68312301419bc51ab2ee65d9,5,44,46,0.001128668171557562,0.11363636363636363,10.943675889328064,0.0010255338880707672,Giấy Vệ Sinh Choice L Cực Đã 3 Lớp Lốc 10 + 2 Cuộn,Giấy Vệ Sinh BLess You Famille 3 Lớp Lốc 10 Cuộn
68312301419bc51ab2ee65d9,68312304419bc51ab2ee65e0,5,46,44,0.001128668171557562,0.10869565217391304,10.943675889328063,0.0010255338880707672,Giấy Vệ Sinh BLess You Famille 3 Lớp Lốc 10 Cuộn,Giấy Vệ Sinh Choice L Cực Đã 3 Lớp Lốc 10 + 2 Cuộn
68312a7f419bc51ab2ee726f,68312d66419bc51ab2ee771b,6,45,54,0.0013544018058690745,0.13333333333333333,10.938271604938272,0.0012305795188765293,Cháo Tươi Ottogi Nếp Cẩm Đậu Đỏ Gói 220G,Phở Trộn Long Triều Bò Tái Lăn Vifon Gói 90G
68312d66419bc51ab2ee771b,68312a7f419bc51ab2ee726f,6,54,45,0.0013544018058690745,0.1111111111111111,10.93827160493827,0.0012305795188765293,Phở Trộn Long Triều Bò Tái Lăn Vifon Gói 90G,Cháo Tươi Ottogi Nếp Cẩm Đậu Đỏ Gói 220G
68312a89419bc51ab2ee727e,68312a8d419bc51ab2ee7284,6,52,47,0.0013544018058690745,0.11538461538461539,10.875613747954175,0.0012298661394452965,Cháo Ăn Liền Vị Rau Củ Dongwon 285g,Cháo Ăn Liền Ottogi Thịt Bò Nấm Bào Ngư Nhật Hộp 285G
68312a8d419bc51ab2ee7284,68312a89419bc51ab2ee727e,6,47,52,0.0013544018058690745,0.1276595744680851,10.875613747954173,0.0012298661394452965,Cháo Ăn Liền Ottogi Thịt Bò Nấm Bào Ngư Nhật Hộp 285G,Cháo Ăn Liền Vị Rau Củ Dongwon 285g
68312304419bc51ab2ee65e0,6831230d419bc51ab2ee65f5,5,44,47,0.001128668171557562,0.11363636363636363,10.710831721470019,0.0010232918384297498,Giấy Vệ Sinh Choice L Cực Đã 3 Lớp Lốc 10 + 2 Cuộn,Giấy Vệ Sinh Silkwell 3 Lớp Lốc 15 Cuộn
6831230d419bc51ab2ee65f5,68312304419bc51ab2ee65e0,5,47,44,0.001128668171557562,0.10638297872340426,10.710831721470019,0.0010232918384297498,Giấy Vệ Sinh Silkwell 3 Lớp Lốc 15 Cuộn,Giấy Vệ Sinh Choice L Cực Đã 3 Lớp Lốc 10 + 2 Cuộn
68312a93419bc51ab2ee728e,68312a85419bc51ab2ee7277,8,52,64,0.0018058690744920992,0.15384615384615385,10.649038461538463,0.0016362885925533378,Cháo Ăn Liền Ottogi Gà Dinh Dưỡng Hộp 285G,Cháo Ăn Liền Vifon Vị Cá Gói 50g
68312a85419bc51ab2ee7277,68312a93419bc51ab2ee728e,8,64,52,0.0018058690744920992,0.125,10.649038461538462,0.0016362885925533378,Cháo Ăn Liền Vifon Vị Cá Gói 50g,Cháo Ăn Liền Ottogi Gà Dinh Dưỡng Hộp 285G
68312d4b419bc51ab2ee76ef,68312a93419bc51ab2ee728e,7,56,52,0.001580135440180587,0.125,10.649038461538462,0.0014317525184841706,Miến Phú Hương Vị Gà Gói 53G,Cháo Ăn Liền Ottogi Gà Dinh Dưỡng Hộp 285G
68312a93419bc51ab2ee728e,68312d4b419bc51ab2ee76ef,7,52,56,0.001580135440180587,0.1346153846153846,10.64903846153846,0.0014317525184841706,Cháo Ăn Liền Ottogi Gà Dinh Dưỡng Hộp 285G,Miến Phú Hương Vị Gà Gói 53G
6831397a419bc51ab2ee8a23,68312304419bc51ab2ee65df,5,43,49,0.001128668171557562,0.11627906976744186,10.512577123872806,0.0010213045671570301,Lốc 10 Cuộn Khăn Giấy Vệ Sinh Paseo 3 Lớp (Giao Mẫu Ngẫu Nhiên),Giấy Vệ Sinh Choice L Cuộn Lớn 600G
68312304419bc51ab2ee65df,6831397a419bc51ab2ee8a23,5,49,43,0.001128668171557562,0.10204081632653061,10.512577123872806,0.0010213045671570301,Giấy Vệ Sinh Choice L Cuộn Lớn 600G,Lốc 10 Cuộn Khăn Giấy Vệ Sinh Paseo 3 Lớp (Giao Mẫu Ngẫu Nhiên)
68312a7f419bc51ab2ee726f,68312a8d419bc51ab2ee7284,5,45,47,0.001128668171557562,0.1111111111111111,10.472813238770685,0.0010208969217677542,Cháo Tươi Ottogi Nếp Cẩm Đậu Đỏ Gói 220G,Cháo Ăn Liền Ottogi Thịt Bò Nấm Bào Ngư Nhật Hộp 285G
68312309419bc51ab2ee65ef,68312313419bc51ab2ee6603,5,45,47,0.001128668171557562,0.1111111111111111,10.472813238770685,0.0010208969217677542,Giấy Vệ Sinh E'mos Classic 2 Lớp Lốc 10 Cuộn,Giấy Vệ Sinh Choice L Tiết Kiệm 2 Lớp Lốc 24 Cuộn
68312a8d419bc51ab2ee7284,68312a7f419bc51ab2ee726f,5,47,45,0.001128668171557562,0.10638297872340426,10.472813238770685,0.0010208969217677542,Cháo Ăn Liền Ottogi Thịt Bò Nấm Bào Ngư Nhật Hộp 285G,Cháo Tươi Ottogi Nếp Cẩm Đậu Đỏ Gói 220G
68312313419bc51ab2ee6603,68312309419bc51ab2ee65ef,5,47,45,0.001128668171557562,0.10638297872340426,10.472813238770685,0.0010208969217677542,Giấy Vệ Sinh Choice L Tiết Kiệm 2 Lớp Lốc 24 Cuộn,Giấy Vệ Sinh E'mos Classic 2 Lớp Lốc 10 Cuộn
68312a8d419bc51ab2ee7284,68312a85419bc51ab2ee7277,7,47,64,0.001580135440180587,0.14893617021276595,10.309175531914894,0.0014268607738128602,Cháo Ăn Liền Ottogi Thịt Bò Nấm Bào Ngư Nhật Hộp 285G,Cháo Ăn Liền Vifon Vị Cá Gói 50g
68312a85419bc51ab2ee7277,68312a8d419bc51ab2ee7284,7,64,47,0.001580135440180587,0.109375,10.309175531914894,0.0014268607738128602,Cháo Ăn Liền Vifon Vị Cá Gói 50g,Cháo Ăn Liền Ottogi Thịt Bò Nấm Bào Ngư Nhật Hộp 285G
68312304419bc51ab2ee65e0,68312311419bc51ab2ee6600,5,44,49,0.001128668171557562,0.11363636363636363,10.27365491651206,0.0010188077391477153,Giấy Vệ Sinh Choice L Cực Đã 3 Lớp Lốc 10 + 2 Cuộn,Giấy Vệ Sinh Cao Cấp Choice L 4 Lớp Lốc 10 Cuộn
68312311419bc51ab2ee6600,68312304419bc51ab2ee65e0,5,49,44,0.001128668171557562,0.10204081632653061,10.27365491651206,0.0010188077391477153,Giấy Vệ Sinh Cao Cấp Choice L 4 Lớp Lốc 10 Cuộn,Giấy Vệ Sinh Choice L Cực Đã 3 Lớp Lốc 10 + 2 Cuộn
68312d4c419bc51ab2ee76f1,68312d66419bc51ab2ee771b,6,48,54,0.0013544018058690745,0.125,10.25462962962963,0.001222324699743693,Miến Ăn Liền Ottogi Vị Lẩu Cay Tê Mala Hộp 44.7G,Phở Trộn Long Triều Bò Tái Lăn Vifon Gói 90G
68312d66419bc51ab2ee771b,68312d4c419bc51ab2ee76f1,6,54,48,0.0013544018058690745,0.1111111111111111,10.25462962962963,0.001222324699743693,Phở Trộn Long Triều Bò Tái Lăn Vifon Gói 90G,Miến Ăn Liền Ottogi Vị Lẩu Cay Tê Mala Hộp 44.7G
6831230f419bc51ab2ee65fc,68312309419bc51ab2ee65ec,5,45,48,0.001128668171557562,0.1111111111111111,10.25462962962963,0.0010186039164530774,Giấy Vệ Sinh Lency Cao Cấp Không Lõi 3 Lớp Lốc 10 Cuộn,Lốc 2 Cây Giấy Vệ Sinh Elène Xanh 3 Lớp 10 Cuộn
68312309419bc51ab2ee65ec,6831230f419bc51ab2ee65fc,5,48,45,0.001128668171557562,0.10416666666666667,10.25462962962963,0.0010186039164530774,Lốc 2 Cây Giấy Vệ Sinh Elène Xanh 3 Lớp 10 Cuộn,Giấy Vệ Sinh Lency Cao Cấp Không Lõi 3 Lớp Lốc 10 Cuộn
6831230f419bc51ab2ee65fe,68312303419bc51ab2ee65dc,5,47,46,0.001128668171557562,0.10638297872340426,10.245143385753932,0.0010185020051057584,Giấy Vệ Sinh Elène Gấu Trúc 3 Lớp Lốc 3 Cuộn,Giấy Vệ Sinh Không Lõi Choice L 3 Lớp Lốc 12 Cuộn
68312303419bc51ab2ee65dc,6831230f419bc51ab2ee65fe,5,46,47,0.001128668171557562,0.10869565217391304,10.24514338575393,0.0010185020051057584,Giấy Vệ Sinh Không Lõi Choice L 3 Lớp Lốc 12 Cuộn,Giấy Vệ Sinh Elène Gấu Trúc 3 Lớp Lốc 3 Cuộn
68312d45419bc51ab2ee76e4,68312a93419bc51ab2ee728e,6,50,52,0.0013544018058690745,0.12,10.223076923076924,0.0012219170543544171,Miến Ăn Liền Vị Udon Ottogi Ly 38.1G,Cháo Ăn Liền Ottogi Gà Dinh Dưỡng Hộp 285G
68312a93419bc51ab2ee728e,68312d45419bc51ab2ee76e4,6,52,50,0.0013544018058690745,0.11538461538461539,10.223076923076924,0.0012219170543544171,Cháo Ăn Liền Ottogi Gà Dinh Dưỡng Hộp 285G,Miến Ăn Liền Vị Udon Ottogi Ly 38.1G
6831230e419bc51ab2ee65f8,68312303419bc51ab2ee65dc,5,48,46,0.001128668171557562,0.10416666666666667,10.031702898550726,0.0010161580441174223,Giấy Vệ Sinh Silkwell 4 Lớp Lốc 10 Cuộn,Giấy Vệ Sinh Không Lõi Choice L 3 Lớp Lốc 12 Cuộn
68312303419bc51ab2ee65dc,6831230e419bc51ab2ee65f8,5,46,48,0.001128668171557562,0.10869565217391304,10.031702898550725,0.0010161580441174223,Giấy Vệ Sinh Không Lõi Choice L 3 Lớp Lốc 12 Cuộn,Giấy Vệ Sinh Silkwell 4 Lớp Lốc 10 Cuộn
68312d4b419bc51ab2ee76ef,68312a85419bc51ab2ee7277,8,56,64,0.0018058690744920992,0.14285714285714285,9.888392857142858,0.0016232439400965099,Miến Phú Hương Vị Gà Gói 53G,Cháo Ăn Liền Vifon Vị Cá Gói 50g
68312a85419bc51ab2ee7277,68312d4b419bc51ab2ee76ef,8,64,56,0.0018058690744920992,0.125,9.888392857142858,0.0016232439400965099,Cháo Ăn Liền Vifon Vị Cá Gói 50g,Miến Phú Hương Vị Gà Gói 53G
68312d4c419bc51ab2ee76f1,68312d4b419bc51ab2ee76ef,6,48,56,0.0013544018058690745,0.125,9.888392857142858,0.0012174329550723826,Miến Ăn Liền Ottogi Vị Lẩu Cay Tê Mala Hộp 44.7G,Miến Phú Hương Vị Gà Gói 53G
68312d4b419bc51ab2ee76ef,68312d4c419bc51ab2ee76f1,6,56,48,0.0013544018058690745,0.10714285714285714,9.888392857142858,0.0012174329550723826,Miến Phú Hương Vị Gà Gói 53G,Miến Ăn Liền Ottogi Vị Lẩu Cay Tê Mala Hộp 44.7G
68312a89419bc51ab2ee727e,68312a93419bc51ab2ee728e,6,52,52,0.0013544018058690745,0.11538461538461539,9.829881656804735,0.0012166176642938308,Cháo Ăn Liền Vị Rau Củ Dongwon 285g,Cháo Ăn Liền Ottogi Gà Dinh Dưỡng Hộp 285G
68312a93419bc51ab2ee728e,68312a89419bc51ab2ee727e,6,52,52,0.0013544018058690745,0.11538461538461539,9.829881656804735,0.0012166176642938308,Cháo Ăn Liền Ottogi Gà Dinh Dưỡng Hộp 285G,Cháo Ăn Liền Vị Rau Củ Dongwon 285g
68312a8d419bc51ab2ee7284,68312d4c419bc51ab2ee76f1,5,47,48,0.001128668171557562,0.10638297872340426,9.818262411347519,0.001013712171781767,Cháo Ăn Liền Ottogi Thịt Bò Nấm Bào Ngư Nhật Hộp 285G,Miến Ăn Liền Ottogi Vị Lẩu Cay Tê Mala Hộp 44.7G
68312308419bc51ab2ee65eb,68312309419bc51ab2ee65ec,5,47,48,0.001128668171557562,0.10638297872340426,9.818262411347519,0.001013712171781767,Giấy Vệ Sinh Bless You À La Vie Lốc 9 Cuộn,Lốc 2 Cây Giấy Vệ Sinh Elène Xanh 3 Lớp 10 Cuộn
6831230f419bc51ab2ee65fe,68312309419bc51ab2ee65ec,5,47,48,0.001128668171557562,0.10638297872340426,9.818262411347519,0.001013712171781767,Giấy Vệ Sinh Elène Gấu Trúc 3 Lớp Lốc 3 Cuộn,Lốc 2 Cây Giấy Vệ Sinh Elène Xanh 3 Lớp 10 Cuộn
68312d4c419bc51ab2ee76f1,68312a8d419bc51ab2ee7284,5,48,47,0.001128668171557562,0.10416666666666667,9.818262411347519,0.001013712171781767,Miến Ăn Liền Ottogi Vị Lẩu Cay Tê Mala Hộp 44.7G,Cháo Ăn Liền Ottogi Thịt Bò Nấm Bào Ngư Nhật Hộp 285G
68312309419bc51ab2ee65ec,68312308419bc51ab2ee65eb,5,48,47,0.001128668171557562,0.10416666666666667,9.818262411347519,0.001013712171781767,Lốc 2 Cây Giấy Vệ Sinh Elène Xanh 3 Lớp 10 Cuộn,Giấy Vệ Sinh Bless You À La Vie Lốc 9 Cuộn
68312309419bc51ab2ee65ec,6831230f419bc51ab2ee65fe,5,48,47,0.001128668171557562,0.10416666666666667,9.818262411347519,0.001013712171781767,Lốc 2 Cây Giấy Vệ Sinh Elène Xanh 3 Lớp 10 Cuộn,Giấy Vệ Sinh Elène Gấu Trúc 3 Lớp Lốc 3 Cuộn
68312d45419bc51ab2ee76e4,68312a85419bc51ab2ee7277,7,50,64,0.001580135440180587,0.14,9.690625,0.0014170772844702393,Miến Ăn Liền Vị Udon Ottogi Ly 38.1G,Cháo Ăn Liền Vifon Vị Cá Gói 50g
68312a85419bc51ab2ee7277,68312d45419bc51ab2ee76e4,7,64,50,0.001580135440180587,0.109375,9.690624999999999,0.0014170772844702393,Cháo Ăn Liền Vifon Vị Cá Gói 50g,Miến Ăn Liền Vị Udon Ottogi Ly 38.1G
68312d4b419bc51ab2ee76ef,68312a6e419bc51ab2ee7257,6,56,49,0.0013544018058690745,0.10714285714285714,9.6865889212828,0.0012145794373474514,Miến Phú Hương Vị Gà Gói 53G,Cháo Gạo Lứt Bích Chi 50G
68312a6e419bc51ab2ee7257,68312d4b419bc51ab2ee76ef,6,49,56,0.0013544018058690745,0.12244897959183673,9.686588921282798,0.0012145794373474514,Cháo Gạo Lứt Bích Chi 50G,Miến Phú Hương Vị Gà Gói 53G
68312d66419bc51ab2ee771a,68312d66419bc51ab2ee771b,6,51,54,0.0013544018058690745,0.11764705882352941,9.651416122004358,0.0012140698806108567,Phở Trộn Long Triều Hải Sản Cay Vifon Gói 90G,Phở Trộn Long Triều Bò Tái Lăn Vifon Gói 90G
68312d66419bc51ab2ee771a,68312a7f419bc51ab2ee726f,5,51,45,0.001128668171557562,0.09803921568627451,9.651416122004358,0.0010117249005090472,Phở Trộn Long Triều Hải Sản Cay Vifon Gói 90G,Cháo Tươi Ottogi Nếp Cẩm Đậu Đỏ Gói 220G
68312d66419bc51ab2ee771b,68312d66419bc51ab2ee771a,6,54,51,0.0013544018058690745,0.1111111111111111,9.651416122004356,0.0012140698806108567,Phở Trộn Long Triều Bò Tái Lăn Vifon Gói 90G,Phở Trộn Long Triều Hải Sản Cay Vifon Gói 90G
68312a7f419bc51ab2ee726f,68312d66419bc51ab2ee771a,5,45,51,0.001128668171557562,0.1111111111111111,9.651416122004356,0.0010117249005090472,Cháo Tươi Ottogi Nếp Cẩm Đậu Đỏ Gói 220G,Phở Trộn Long Triều Hải Sản Cay Vifon Gói 90G
68312308419bc51ab2ee65eb,68312311419bc51ab2ee6600,5,47,49,0.001128668171557562,0.10638297872340426,9.61788970907512,0.0010113172551197713,Giấy Vệ Sinh Bless You À La Vie Lốc 9 Cuộn,Giấy Vệ Sinh Cao Cấp Choice L 4 Lớp Lốc 10 Cuộn
68312311419bc51ab2ee6600,68312308419bc51ab2ee65eb,5,49,47,0.001128668171557562,0.10204081632653061,9.617889709075119,0.0010113172551197713,Giấy Vệ Sinh Cao Cấp Choice L 4 Lớp Lốc 10 Cuộn,Giấy Vệ Sinh Bless You À La Vie Lốc 9 Cuộn
68312d66419bc51ab2ee771a,68312a85419bc51ab2ee7277,7,51,64,0.001580135440180587,0.13725490196078433,9.50061274509804,0.0014138161213560325,Phở Trộn Long Triều Hải Sản Cay Vifon Gói 90G,Cháo Ăn Liền Vifon Vị Cá Gói 50g
68312a93419bc51ab2ee728f,68312a85419bc51ab2ee7277,7,51,64,0.001580135440180587,0.13725490196078433,9.50061274509804,0.0014138161213560325,Cháo Ăn Liền Ottogi Bào Ngư Hộp 285G,Cháo Ăn Liền Vifon Vị Cá Gói 50g
68312a85419bc51ab2ee7277,68312d66419bc51ab2ee771a,7,64,51,0.001580135440180587,0.109375,9.500612745098039,0.0014138161213560325,Cháo Ăn Liền Vifon Vị Cá Gói 50g,Phở Trộn Long Triều Hải Sản Cay Vifon Gói 90G
68312a85419bc51ab2ee7277,68312a93419bc51ab2ee728f,7,64,51,0.001580135440180587,0.109375,9.500612745098039,0.0014138161213560325,Cháo Ăn Liền Vifon Vị Cá Gói 50g,Cháo Ăn Liền Ottogi Bào Ngư Hộp 285G
68312a68419bc51ab2ee724b,68312d4b419bc51ab2ee76ef,6,50,56,0.0013544018058690745,0.12,9.492857142857142,0.0012117259196225204,Cháo Ăn Liền Vị Thịt Bò Dongwon Tô 288g,Miến Phú Hương Vị Gà Gói 53G
68312d4b419bc51ab2ee76ef,68312a68419bc51ab2ee724b,6,56,50,0.0013544018058690745,0.10714285714285714,9.492857142857142,0.0012117259196225204,Miến Phú Hương Vị Gà Gói 53G,Cháo Ăn Liền Vị Thịt Bò Dongwon Tô 288g
68312301419bc51ab2ee65d9,6831397a419bc51ab2ee8a22,5,46,51,0.001128668171557562,0.10869565217391304,9.44160272804774,0.0010091261611524134,Giấy Vệ Sinh BLess You Famille 3 Lớp Lốc 10 Cuộn,Khăn Giấy Rút Paseo 2 Lớp Gói 220 Tờ
6831397a419bc51ab2ee8a22,68312301419bc51ab2ee65d9,5,51,46,0.001128668171557562,0.09803921568627451,9.44160272804774,0.0010091261611524134,Khăn Giấy Rút Paseo 2 Lớp Gói 220 Tờ,Giấy Vệ Sinh BLess You Famille 3 Lớp Lốc 10 Cuộn
6831230d419bc51ab2ee65f5,68313957419bc51ab2ee89ea,5,47,51,0.001128668171557562,0.10638297872340426,9.240717563621194,0.0010065274217957798,Giấy Vệ Sinh Silkwell 3 Lớp Lốc 15 Cuộn,Khăn Bếp Đa Năng Bless You À La Vie 2 Lớp Lốc 2 Cuộn
68313957419bc51ab2ee89ea,6831230d419bc51ab2ee65f5,5,51,47,0.001128668171557562,0.09803921568627451,9.240717563621192,0.0010065274217957798,Khăn Bếp Đa Năng Bless You À La Vie 2 Lớp Lốc 2 Cuộn,Giấy Vệ Sinh Silkwell 3 Lớp Lốc 15 Cuộn
68312a7f419bc51ab2ee726f,68312a85419bc51ab2ee7277,6,45,64,0.0013544018058690745,0.13333333333333333,9.229166666666668,0.0012076494657297617,Cháo Tươi Ottogi Nếp Cẩm Đậu Đỏ Gói 220G,Cháo Ăn Liền Vifon Vị Cá Gói 50g
68312a85419bc51ab2ee7277,68312a7f419bc51ab2ee726f,6,64,45,0.0013544018058690745,0.09375,9.229166666666666,0.0012076494657297617,Cháo Ăn Liền Vifon Vị Cá Gói 50g,Cháo Tươi Ottogi Nếp Cẩm Đậu Đỏ Gói 220G
68312a89419bc51ab2ee727e,68312d4b419bc51ab2ee76ef,6,52,56,0.0013544018058690745,0.11538461538461539,9.127747252747254,0.0012060188841726582,Cháo Ăn Liền Vị Rau Củ Dongwon 285g,Miến Phú Hương Vị Gà Gói 53G
68312d4b419bc51ab2ee76ef,68312a89419bc51ab2ee727e,6,56,52,0.0013544018058690745,0.10714285714285714,9.127747252747254,0.0012060188841726582,Miến Phú Hương Vị Gà Gói 53G,Cháo Ăn Liền Vị Rau Củ Dongwon 285g
68312a8d419bc51ab2ee7284,68312a93419bc51ab2ee728e,5,47,52,0.001128668171557562,0.10638297872340426,9.063011456628479,0.001004132505133784,Cháo Ăn Liền Ottogi Thịt Bò Nấm Bào Ngư Nhật Hộp 285G,Cháo Ăn Liền Ottogi Gà Dinh Dưỡng Hộp 285G
68312a93419bc51ab2ee728e,68312a8d419bc51ab2ee7284,5,52,47,0.001128668171557562,0.09615384615384616,9.063011456628479,0.001004132505133784,Cháo Ăn Liền Ottogi Gà Dinh Dưỡng Hộp 285G,Cháo Ăn Liền Ottogi Thịt Bò Nấm Bào Ngư Nhật Hộp 285G
6831230e419bc51ab2ee65f8,68313957419bc51ab2ee89ea,5,48,51,0.001128668171557562,0.10416666666666667,9.048202614379086,0.001003928682439146,Giấy Vệ Sinh Silkwell 4 Lớp Lốc 10 Cuộn,Khăn Bếp Đa Năng Bless You À La Vie 2 Lớp Lốc 2 Cuộn
68313957419bc51ab2ee89ea,6831230e419bc51ab2ee65f8,5,51,48,0.001128668171557562,0.09803921568627451,9.048202614379084,0.001003928682439146,Khăn Bếp Đa Năng Bless You À La Vie 2 Lớp Lốc 2 Cuộn,Giấy Vệ Sinh Silkwell 4 Lớp Lốc 10 Cuộn
68312d4c419bc51ab2ee76f1,68312a85419bc51ab2ee7277,6,48,64,0.0013544018058690745,0.125,8.65234375,0.0011978659763871408,Miến Ăn Liền Ottogi Vị Lẩu Cay Tê Mala Hộp 44.7G,Cháo Ăn Liền Vifon Vị Cá Gói 50g
68312a85419bc51ab2ee7277,68312d4c419bc51ab2ee76f1,6,64,48,0.0013544018058690745,0.09375,8.65234375,0.0011978659763871408,Cháo Ăn Liền Vifon Vị Cá Gói 50g,Miến Ăn Liền Ottogi Vị Lẩu Cay Tê Mala Hộp 44.7G
68312a8d419bc51ab2ee7284,68312d4b419bc51ab2ee76ef,5,47,56,0.001128668171557562,0.10638297872340426,8.41565349544073,0.000994552838485801,Cháo Ăn Liền Ottogi Thịt Bò Nấm Bào Ngư Nhật Hộp 285G,Miến Phú Hương Vị Gà Gói 53G
68312d4b419bc51ab2ee76ef,68312a8d419bc51ab2ee7284,5,56,47,0.001128668171557562,0.08928571428571429,8.41565349544073,0.000994552838485801,Miến Phú Hương Vị Gà Gói 53G,Cháo Ăn Liền Ottogi Thịt Bò Nấm Bào Ngư Nhật Hộp 285G
68312a93419bc51ab2ee728f,68312a93419bc51ab2ee728e,5,51,52,0.001128668171557562,0.09803921568627451,8.352187028657617,0.0009935337250126114,Cháo Ăn Liền Ottogi Bào Ngư Hộp 285G,Cháo Ăn Liền Ottogi Gà Dinh Dưỡng Hộp 285G
68312a93419bc51ab2ee728e,68312a93419bc51ab2ee728f,5,52,51,0.001128668171557562,0.09615384615384616,8.352187028657617,0.0009935337250126114,Cháo Ăn Liền Ottogi Gà Dinh Dưỡng Hộp 285G,Cháo Ăn Liền Ottogi Bào Ngư Hộp 285G
68312d45419bc51ab2ee76e5,68312a85419bc51ab2ee7277,6,51,64,0.0013544018058690745,0.11764705882352941,8.143382352941178,0.00118808248704452,Miến Ăn Liền Vị Lẩu Cay Ottogi Ly 38.1G,Cháo Ăn Liền Vifon Vị Cá Gói 50g
68312a85419bc51ab2ee7277,68312d45419bc51ab2ee76e5,6,64,51,0.0013544018058690745,0.09375,8.143382352941178,0.00118808248704452,Cháo Ăn Liền Vifon Vị Cá Gói 50g,Miến Ăn Liền Vị Lẩu Cay Ottogi Ly 38.1G
68312a93419bc51ab2ee728f,68312d4b419bc51ab2ee76ef,5,51,56,0.001128668171557562,0.09803921568627451,7.7556022408963585,0.0009831387675860769,Cháo Ăn Liền Ottogi Bào Ngư Hộp 285G,Miến Phú Hương Vị Gà Gói 53G
68312d4b419bc51ab2ee76ef,68312a93419bc51ab2ee728f,5,56,51,0.001128668171557562,0.08928571428571429,7.7556022408963585,0.0009831387675860769,Miến Phú Hương Vị Gà Gói 53G,Cháo Ăn Liền Ottogi Bào Ngư Hộp 285G
